Station_Code,latitude,longitude,Hub distance end point_latitude,Hub distance end point_longitude,Hub distance end point_HubName_mouth,Hub distance end point_dist_to_mouth_m,Hub distance start point_latitude,Hub distance start point_longitude,Hub distance start point_HubName_head,Hub distance start point_dist_to_headwater_m,Hub distance KBA_latitude,Hub distance KBA_longitude,Hub distance KBA_Hub distance end point_latitude,Hub distance KBA_Hub distance end point_longitude,Hub distance KBA_Hub distance end point_HubName_mouth,Hub distance KBA_Hub distance end point_dist_to_mouth_m,Hub distance KBA_Hub distance start point_latitude,Hub distance KBA_Hub distance start point_longitude,Hub distance KBA_Hub distance start point_HubName_head,Hub distance KBA_Hub distance start point_dist_to_headwater_m,Hub distance KBA_HubName,Hub distance KBA_HubDist
ABR2020A0X,6.921708333,126.2575694,6.921708333,126.2575694,,3367.76026638887,6.921708333,126.2575694,"0",3730.31675382276,6.921708333,126.2575694,6.921708333,126.2575694,,3367.76026638887,6.921708333,126.2575694,"0",3730.31675382276,Mount Kampalili-Puting Bato,41909.0825559021
ABR2021A01,6.730534833,125.3762446,6.730534833,125.3762446,,1832.51230161355,6.730534833,125.3762446,"0",1268.62960995209,6.730534833,125.3762446,6.730534833,125.3762446,,1832.51230161355,6.730534833,125.3762446,"0",1268.62960995209,Mount Apo,29983.6415767472
ABR2023A01,6.926111111,126.2819444,6.926111111,126.2819444,,4795.52955373197,6.926111111,126.2819444,"0",4251.48911132622,6.926111111,126.2819444,6.926111111,126.2819444,,4795.52955373197,6.926111111,126.2819444,"0",4251.48911132622,Mount Kampalili-Puting Bato,41349.4187846254
ACO2022A01,6.099305556,125.2004722,6.099305556,125.2004722,,853.10026454072,6.099305556,125.2004722,"0",1977.95232672769,6.099305556,125.2004722,6.099305556,125.2004722,,853.10026454072,6.099305556,125.2004722,"0",1977.95232672769,Mount Matutum,32769.9906899283
ACO2022A02,6.099555556,125.1978611,6.099555556,125.1978611,,622.613300705242,6.099555556,125.1978611,"0",2267.80249200534,6.099555556,125.1978611,6.099555556,125.1978611,,622.613300705242,6.099555556,125.1978611,"0",2267.80249200534,Mount Matutum,32628.1534997172
ACO2022A03,6.103361111,125.1918333,6.103361111,125.1918333,,276.944621312822,6.103361111,125.1918333,"0",2238.30329678395,6.103361111,125.1918333,6.103361111,125.1918333,,276.944621312822,6.103361111,125.1918333,"0",2238.30329678395,Mount Matutum,31978.7908535382
ACO2022A04,6.106138889,125.1783056,6.106138889,125.1783056,,1785.31272781943,6.106138889,125.1783056,"0",762.559726950908,6.106138889,125.1783056,6.106138889,125.1783056,,1785.31272781943,6.106138889,125.1783056,"0",762.559726950908,Mount Matutum,31141.7273836325
ACO2022A05,6.1065,125.1746389,6.1065,125.1746389,,2192.86354323432,6.1065,125.1746389,"0",405.171099686376,6.1065,125.1746389,6.1065,125.1746389,,2192.86354323432,6.1065,125.1746389,"0",405.171099686376,Mount Matutum,30964.7223611583
ACO2022A06,6.039583333,125.1435278,6.039583333,125.1435278,,2994.24593863132,6.039583333,125.1435278,"0",464.511209194773,6.039583333,125.1435278,6.039583333,125.1435278,,2994.24593863132,6.039583333,125.1435278,"0",464.511209194773,Mount Matutum,37210.1220163485
ACO2022A07,6.037777778,125.1430278,6.037777778,125.1430278,,2882.49020353635,6.037777778,125.1430278,"0",298.28566660514,6.037777778,125.1430278,6.037777778,125.1430278,,2882.49020353635,6.037777778,125.1430278,"0",298.28566660514,Mount Matutum,37395.8555906009
ACO2022A08,5.904,125.0819444,5.904,125.0819444,,3239.15655763406,5.904,125.0819444,"0",785.531219972513,5.904,125.0819444,5.904,125.0819444,,3239.15655763406,5.904,125.0819444,"0",785.531219972513,Mount Matutum,51533.9788190332
ACO2022A09,5.902055556,125.0800833,5.902055556,125.0800833,,2956.36915839942,5.902055556,125.0800833,"0",566.302054344525,5.902055556,125.0800833,5.902055556,125.0800833,,2956.36915839942,5.902055556,125.0800833,"0",566.302054344525,Mount Matutum,51748.5585681452
ACO2022A10,5.900555556,125.0791667,5.900555556,125.0791667,,2792.40755335621,5.900555556,125.0791667,"0",434.758396432452,5.900555556,125.0791667,5.900555556,125.0791667,,2792.40755335621,5.900555556,125.0791667,"0",434.758396432452,Mount Matutum,51914.5187028404
ACO2022A11,5.871833333,125.0848611,5.871833333,125.0848611,,3740.76728335259,5.871833333,125.0848611,"0",2279.50828467625,5.871833333,125.0848611,5.871833333,125.0848611,,3740.76728335259,5.871833333,125.0848611,"0",2279.50828467625,Mount Matutum,55093.338798417
ACO2022A12,5.869138889,125.0827778,5.869138889,125.0827778,,3723.84985667843,5.869138889,125.0827778,"0",2524.78133737593,5.869138889,125.0827778,5.869138889,125.0827778,,3723.84985667843,5.869138889,125.0827778,"0",2524.78133737593,Mount Matutum,55389.5321129995
ACO2022A13,5.863694444,125.0793889,5.863694444,125.0793889,,3864.58014641566,5.863694444,125.0793889,"0",2512.33093793535,5.863694444,125.0793889,5.863694444,125.0793889,,3864.58014641566,5.863694444,125.0793889,"0",2512.33093793535,Mount Matutum,55990.7982860901
ACO2022A14,5.861611111,125.0771389,5.861611111,125.0771389,,3887.37297943619,5.861611111,125.0771389,"0",2214.41615179735,5.861611111,125.0771389,5.861611111,125.0771389,,3887.37297943619,5.861611111,125.0771389,"0",2214.41615179735,Mount Matutum,56222.0365663316
BIN2019A0X,11.33811652,124.1152219,11.33811652,124.1152219,,10478.5947760636,11.33811652,124.1152219,"0",12811.6997834779,11.33811652,124.1152219,11.33811652,124.1152219,,10478.5947760636,11.33811652,124.1152219,"0",12811.6997834779,Biliran and Maripipi Island,49786.1617047703
ESQ2020A01,8.520472,124.612694,8.520472,124.612694,,2760.21797180855,8.520472,124.612694,"246",543.960263022752,8.520472,124.612694,8.520472,124.612694,,2760.21797180855,8.520472,124.612694,"246",543.960263022752,Mount Balatukan,55413.3461371211
ESQ2020A02,8.520472,124.61275,8.520472,124.61275,,2766.38176008463,8.520472,124.61275,"246",544.986475939371,8.520472,124.61275,8.520472,124.61275,,2766.38176008463,8.520472,124.61275,"246",544.986475939371,Mount Balatukan,55407.7472236962
ESQ2020A03,8.520472,124.612778,8.520472,124.612778,,2769.46365715701,8.520472,124.612778,"246",545.524990575709,8.520472,124.612778,8.520472,124.612778,,2769.46365715701,8.520472,124.612778,"246",545.524990575709,Mount Balatukan,55404.9478119607
ESQ2020A04,8.511694,124.643028,8.511694,124.643028,,2794.55546361263,8.511694,124.643028,"246",3454.70685031646,8.511694,124.643028,8.511694,124.643028,,2794.55546361263,8.511694,124.643028,"246",3454.70685031646,Mount Tago Range,52149.6452799427
ESQ2020A05,8.511722,124.642972,8.511722,124.642972,,2801.20747754996,8.511722,124.642972,"246",3448.20167933423,8.511722,124.642972,8.511722,124.642972,,2801.20747754996,8.511722,124.642972,"246",3448.20167933423,Mount Tago Range,52156.5278480587
ESQ2020A06,8.51175,124.642944,8.51175,124.642944,,2805.57081853985,8.51175,124.642944,"246",3444.75698709849,8.51175,124.642944,8.51175,124.642944,,2805.57081853985,8.51175,124.642944,"246",3444.75698709849,Mount Tago Range,52160.5650149258
ESQ2020A07,8.503306,124.663833,8.503306,124.663833,,969.892912187068,8.503306,124.663833,"250",4970.30745166395,8.503306,124.663833,8.503306,124.663833,,969.892912187068,8.503306,124.663833,"250",4970.30745166395,Mount Tago Range,49678.3706846093
ESQ2020A08,8.503306,124.663861,8.503306,124.663861,,970.586631873583,8.503306,124.663861,"250",4972.21168066288,8.503306,124.663861,8.503306,124.663861,,970.586631873583,8.503306,124.663861,"250",4972.21168066288,Mount Tago Range,49675.5258642729
ESQ2020A09,8.503306,124.663917,8.503306,124.663917,,972.001921233104,8.503306,124.663917,"250",4976.02368312016,8.503306,124.663917,8.503306,124.663917,,972.001921233104,8.503306,124.663917,"250",4976.02368312016,Mount Tago Range,49669.8363090972
ESQ2020A10,8.480194,124.722333,8.480194,124.722333,,1745.29545552161,8.480194,124.722333,"297",1235.68575530004,8.480194,124.722333,8.480194,124.722333,,1745.29545552161,8.480194,124.722333,"297",1235.68575530004,Mount Tago Range,42749.7320323903
ESQ2020A11,8.480167,124.722278,8.480167,124.722278,,1738.54864931223,8.480167,124.722278,"297",1241.39062771148,8.480167,124.722278,8.480167,124.722278,,1738.54864931223,8.480167,124.722278,"297",1241.39062771148,Mount Tago Range,42754.154538672
ESQ2020A12,8.480139,124.72225,8.480139,124.72225,,1734.36073351208,8.480139,124.72225,"297",1245.64228923475,8.480139,124.72225,8.480139,124.72225,,1734.36073351208,8.480139,124.72225,"297",1245.64228923475,Mount Tago Range,42755.7945938149
GAB2022A01,8.301472222,124.2540556,8.301472222,124.2540556,,818.950051750676,8.301472222,124.2540556,"32",4610.8871811625,8.301472222,124.2540556,8.301472222,124.2540556,,818.950051750676,8.301472222,124.2540556,"32",4610.8871811625,Munai / Tambo,43286.9953474461
GAB2022A02,8.265361111,124.2498611,8.265361111,124.2498611,Mandulog River,921.359290312667,8.265361111,124.2498611,"206",1646.54954307167,8.265361111,124.2498611,8.265361111,124.2498611,Mandulog River,921.359290312667,8.265361111,124.2498611,"206",1646.54954307167,Munai / Tambo,39789.0000975781
GAB2022A03,8.213888889,124.2234444,8.213888889,124.2234444,Agos  River,3936.56816664603,8.213888889,124.2234444,"201",1911.36394671098,8.213888889,124.2234444,8.213888889,124.2234444,Agos  River,3936.56816664603,8.213888889,124.2234444,"201",1911.36394671098,Munai / Tambo,33521.5402046471
GAB2022A04,8.195638889,124.1835278,8.195638889,124.1835278,Agos  River,922.437700019853,8.195638889,124.1835278,"194",1867.08381756768,8.195638889,124.1835278,8.195638889,124.1835278,Agos  River,922.437700019853,8.195638889,124.1835278,"194",1867.08381756768,Munai / Tambo,29242.3271832272
GOM2023A01,14.28523,120.70441,14.28523,120.70441,,853.401930577038,14.28523,120.70441,"0",593.852511121891,14.28523,120.70441,14.28523,120.70441,,853.401930577038,14.28523,120.70441,"0",593.852511121891,Mounts Palay-Palay-Mataas Na Gulod National Park,5383.38740900194
GOM2023A02,14.324969,120.754345,14.324969,120.754345,,4263.2047802116,14.324969,120.754345,"0",739.53672581715,14.324969,120.754345,14.324969,120.754345,,4263.2047802116,14.324969,120.754345,"0",739.53672581715,Mounts Palay-Palay-Mataas Na Gulod National Park,12313.6006331624
GOM2023A03,14.442292,120.875152,14.442292,120.875152,,228.760128388982,14.442292,120.875152,"0",143.358840514729,14.442292,120.875152,14.442292,120.875152,,228.760128388982,14.442292,120.875152,"0",143.358840514729,Mounts Palay-Palay-Mataas Na Gulod National Park,30698.2399231463
GOM2023A04,14.49744,120.98185,14.49744,120.98185,,1050.64841048476,14.49744,120.98185,"0",1143.05010539831,14.49744,120.98185,14.49744,120.98185,,1050.64841048476,14.49744,120.98185,"0",1143.05010539831,Manila Bay,38707.7770888164
GOM2023A05,14.588967,120.954459,14.588967,120.954459,Pasig  River,1127.61751173684,14.588967,120.954459,"0",1074.6877418265,14.588967,120.954459,14.588967,120.954459,Pasig  River,1127.61751173684,14.588967,120.954459,"0",1074.6877418265,Manila Bay,29008.3883917355
INO2022A01,8.5664,126.1627,8.5664,126.1627,,7100.99413976151,8.5664,126.1627,"503",6494.54214719312,8.5664,126.1627,8.5664,126.1627,,7100.99413976151,8.5664,126.1627,"503",6494.54214719312,Mount Diwata Range,23794.6850273635
INO2022A02,8.56359,126.1758,8.56359,126.1758,,8571.53131028231,8.56359,126.1758,"352",6848.98885915192,8.56359,126.1758,8.56359,126.1758,,8571.53131028231,8.56359,126.1758,"352",6848.98885915192,Mount Diwata Range,24834.4905471734
INO2022A03,8.53626,126.139,8.53626,126.139,,6119.89395145581,8.53626,126.139,"503",6768.03183667684,8.53626,126.139,8.53626,126.139,,6119.89395145581,8.53626,126.139,"503",6768.03183667684,Mount Diwata Range,25588.6917988823
INO2022A04,8.54883,126.2374,8.54883,126.2374,,3475.52356766888,8.54883,126.2374,"504",2417.02052018869,8.54883,126.2374,8.54883,126.2374,,3475.52356766888,8.54883,126.2374,"504",2417.02052018869,Mount Diwata Range,30338.8287220826
KAL2019A01,8.518222222,124.5823056,8.518222222,124.5823056,,574.883188101174,8.518222222,124.5823056,"246",3270.92869755605,8.518222222,124.5823056,8.518222222,124.5823056,,574.883188101174,8.518222222,124.5823056,"246",3270.92869755605,Mount Kitanglad,58001.9952633672
KAL2019A02,8.518186111,124.5823944,8.518186111,124.5823944,,585.171269251967,8.518186111,124.5823944,"246",3260.83973854437,8.518186111,124.5823944,8.518186111,124.5823944,,585.171269251967,8.518186111,124.5823944,"246",3260.83973854437,Mount Kitanglad,57992.9093555528
KAL2019A03,8.518169444,124.5824722,8.518169444,124.5824722,,593.245607835324,8.518169444,124.5824722,"246",3252.14620008214,8.518169444,124.5824722,8.518169444,124.5824722,,593.245607835324,8.518169444,124.5824722,"246",3252.14620008214,Mount Kitanglad,57986.2695400972
KAL2019A04,8.571555556,124.5129167,8.571555556,124.5129167,,2161.82737650332,8.571555556,124.5129167,"231",3513.77820558293,8.571555556,124.5129167,8.571555556,124.5129167,,2161.82737650332,8.571555556,124.5129167,"231",3513.77820558293,Mount Balatukan,63768.4191317864
KAL2019A05,8.571755556,124.5126778,8.571755556,124.5126778,,2195.98010244842,8.571755556,124.5126778,"231",3516.32443356326,8.571755556,124.5126778,8.571755556,124.5126778,,2195.98010244842,8.571755556,124.5126778,"231",3516.32443356326,Mount Balatukan,63787.6127115196
KAL2019A06,8.571844444,124.5126417,8.571844444,124.5126417,,2204.75424488373,8.571844444,124.5126417,"231",3522.02560189401,8.571844444,124.5126417,8.571844444,124.5126417,,2204.75424488373,8.571844444,124.5126417,"231",3522.02560189401,Mount Balatukan,63788.7300597674
KAL2019A07,8.589941667,124.4732667,8.589941667,124.4732667,Lipatan River,1786.63157891734,8.589941667,124.4732667,"231",5386.09464416641,8.589941667,124.4732667,8.589941667,124.4732667,Lipatan River,1786.63157891734,8.589941667,124.4732667,"231",5386.09464416641,Mount Balatukan,67477.7516087378
KAL2019A08,8.589702778,124.472875,8.589702778,124.472875,Lipatan River,1819.09077683385,8.589702778,124.472875,"231",5380.7993636118,8.589702778,124.472875,8.589702778,124.472875,Lipatan River,1819.09077683385,8.589702778,124.472875,"231",5380.7993636118,Mount Balatukan,67525.7975091978
KAL2019A09,8.588938889,124.4752417,8.588938889,124.4752417,Lipatan River,1545.20989918225,8.588938889,124.4752417,"231",5195.2741885598,8.588938889,124.4752417,8.588938889,124.4752417,Lipatan River,1545.20989918225,8.588938889,124.4752417,"231",5195.2741885598,Mount Balatukan,67291.9198900334
PAC2022A01,7.8181,123.7127,7.8181,123.7127,,1631.49741677035,7.8181,123.7127,"0",2371.10703977337,7.8181,123.7127,7.8181,123.7127,,1631.49741677035,7.8181,123.7127,"0",2371.10703977337,Munai / Tambo,39304.1179402258
PAC2022A02,7.8164,123.6917,7.8164,123.6917,,2752.25498183468,7.8164,123.6917,"0",959.432921004411,7.8164,123.6917,7.8164,123.6917,,2752.25498183468,7.8164,123.6917,"0",959.432921004411,Munai / Tambo,41460.7629067277
PAC2022A03,7.7932,123.7254,7.7932,123.7254,,2598.86710550034,7.7932,123.7254,"0",589.988400671434,7.7932,123.7254,7.7932,123.7254,,2598.86710550034,7.7932,123.7254,"0",589.988400671434,Munai / Tambo,39434.0329160507
PAC2022A04,7.7646,123.7395,7.7646,123.7395,,2815.29600055126,7.7646,123.7395,"0",3807.97129996022,7.7646,123.7395,7.7646,123.7395,,2815.29600055126,7.7646,123.7395,"0",3807.97129996022,Munai / Tambo,39922.0794208582
PAL2019A01,13.980147,120.630093,13.980147,120.630093,,3684.84900587269,13.980147,120.630093,"0",1196.23392549071,13.980147,120.630093,13.980147,120.630093,,3684.84900587269,13.980147,120.630093,"0",1196.23392549071,Mounts Palay-Palay-Mataas Na Gulod National Park,30165.992587942
PAL2022A01,9.717665,123.464748,9.717665,123.464748,,758.446115796163,9.717665,123.464748,"0",687.989567616151,9.717665,123.464748,9.717665,123.464748,,758.446115796163,9.717665,123.464748,"0",687.989567616151,Mount Kangbulagsing and Mount Lanaya,12742.6212556947
PAL2022A02,9.841909,123.419511,9.841909,123.419511,,741.129598087368,9.841909,123.419511,"0",1526.22474676468,9.841909,123.419511,9.841909,123.419511,,741.129598087368,9.841909,123.419511,"0",1526.22474676468,Nug-as and Mount Lantoy,15688.4382080931
PAL2022A03,10.480374,123.775069,10.480374,123.775069,,503.630630598738,10.480374,123.775069,"0",5178.01890358338,10.480374,123.775069,10.480374,123.775069,,503.630630598738,10.480374,123.775069,"0",5178.01890358338,Central Cebu (including Tabunan),12221.1487801673
PAL2022A04,10.112797,123.530685,10.112797,123.530685,,1022.1577817495,10.112797,123.530685,"0",744.155681630426,10.112797,123.530685,10.112797,123.530685,,1022.1577817495,10.112797,123.530685,"0",744.155681630426,Nug-as and Mount Lantoy,23632.0807315666
PAL2022A05,11.025159,123.997823,11.025159,123.997823,,125.781273168278,11.025159,123.997823,"0",1165.23942817713,11.025159,123.997823,11.025159,123.997823,,125.781273168278,11.025159,123.997823,"0",1165.23942817713,Mount Capayas,48880.9612021018
PAL2022A06,10.400561,123.948996,10.400561,123.948996,,1371.23048393544,10.400561,123.948996,"0",795.370228550114,10.400561,123.948996,10.400561,123.948996,,1371.23048393544,10.400561,123.948996,"0",795.370228550114,"Mactan, Kalawisan and Cansaga Bays",8136.67897319033
PAL2022A07,10.340974,123.94301,10.340974,123.94301,,4142.49334061984,10.340974,123.94301,"0",2382.74001967614,10.340974,123.94301,10.340974,123.94301,,4142.49334061984,10.340974,123.94301,"0",2382.74001967614,"Mactan, Kalawisan and Cansaga Bays",3195.59177508758
PAL2022A08,10.121941,123.632131,10.121941,123.632131,,2047.92702854009,10.121941,123.632131,"0",1714.13456422203,10.121941,123.632131,10.121941,123.632131,,2047.92702854009,10.121941,123.632131,"0",1714.13456422203,Nug-as and Mount Lantoy,26147.7599841204
PAL2022A09,10.608895,123.975982,10.608895,123.975982,,1985.72067582114,10.608895,123.975982,"0",920.541205736185,10.608895,123.975982,10.608895,123.975982,,1985.72067582114,10.608895,123.975982,"0",920.541205736185,Mount Capayas,6472.94798540018
PAL2022A10,11.220019,124.018067,11.220019,124.018067,,2363.46516699929,11.220019,124.018067,"0",646.342152854487,11.220019,124.018067,11.220019,124.018067,,2363.46516699929,11.220019,124.018067,"0",646.342152854487,Biliran and Maripipi Island,65970.3398245304
PAL2022A11,11.144488,123.986322,11.144488,123.986322,,1093.40504295292,11.144488,123.986322,"0",1286.34549109247,11.144488,123.986322,11.144488,123.986322,,1093.40504295292,11.144488,123.986322,"0",1286.34549109247,Mount Capayas,61761.1715240428
PAL2022A12,10.266548,123.617942,10.266548,123.617942,,802.770176080618,10.266548,123.617942,"0",1620.3984932493,10.266548,123.617942,10.266548,123.617942,,802.770176080618,10.266548,123.617942,"0",1620.3984932493,Central Cebu (including Tabunan),20207.1544259749
PAL2022A13,10.983521,123.940712,10.983521,123.940712,,930.710428431398,10.983521,123.940712,"0",1354.58979679288,10.983521,123.940712,10.983521,123.940712,,930.710428431398,10.983521,123.940712,"0",1354.58979679288,Mount Capayas,43587.508694658
PAL2022A14,10.030107,123.58191,10.030107,123.58191,,212.751044440261,10.030107,123.58191,"0",1708.39937944892,10.030107,123.58191,10.030107,123.58191,,212.751044440261,10.030107,123.58191,"0",1708.39937944892,Nug-as and Mount Lantoy,14810.0740338159
PLT2022A01,16.3342285,119.789863,16.3342285,119.789863,,1972.40377851092,16.3342285,119.789863,"0",3429.04744615223,16.3342285,119.789863,16.3342285,119.789863,,1972.40377851092,16.3342285,119.789863,"0",3429.04744615223,Zambales mountains,90869.8331458823
PLT2022A02,16.3338885,119.789541,16.3338885,119.789541,,2023.37404876446,16.3338885,119.789541,"0",3448.87262171875,16.3338885,119.789541,16.3338885,119.789541,,2023.37404876446,16.3338885,119.789541,"0",3448.87262171875,Zambales mountains,90851.6566197205
PLT2022A03,13.804202,120.911121,13.804202,120.911121,,706.675051892755,13.804202,120.911121,"0",85.8751058274018,13.804202,120.911121,13.804202,120.911121,,706.675051892755,13.804202,120.911121,"0",85.8751058274018,Taal Volcano Protected Landscape,24712.4747406191
PLT2022A04,13.804473,120.912174,13.804473,120.912174,,592.314166331907,13.804473,120.912174,"0",134.31185980655,13.804473,120.912174,13.804473,120.912174,,592.314166331907,13.804473,120.912174,"0",134.31185980655,Taal Volcano Protected Landscape,24640.7875048628
PLT2022A05,9.934805556,118.6452778,9.934805556,118.6452778,,1116.24980203391,9.934805556,118.6452778,"0",511.196762591616,9.934805556,118.6452778,9.934805556,118.6452778,,1116.24980203391,9.934805556,118.6452778,"0",511.196762591616,Puerto Princesa Subterranean River Natural Park / Cleopatra's Needle,39795.6452326417
PLT2022A06,9.7265,118.4546667,9.7265,118.4546667,,4614.77057644802,9.7265,118.4546667,"0",646.316562154671,9.7265,118.4546667,9.7265,118.4546667,,4614.77057644802,9.7265,118.4546667,"0",646.316562154671,Victoria and Anepahan Ranges,41917.7829825898
PLT2022A07,9.546027778,118.6539722,9.546027778,118.6539722,,1182.16273834521,9.546027778,118.6539722,"0",284.592877999295,9.546027778,118.6539722,9.546027778,118.6539722,,1182.16273834521,9.546027778,118.6539722,"0",284.592877999295,Rasa Island Wildlife Sanctuary,42120.4513554366
PLT2022A08,10.02525,119.1219167,10.02525,119.1219167,Langogan River,341.62706468833,10.02525,119.1219167,"0",3467.72011371832,10.02525,119.1219167,10.02525,119.1219167,Langogan River,341.62706468833,10.02525,119.1219167,"0",3467.72011371832,Puerto Princesa Subterranean River Natural Park / Cleopatra's Needle,27315.4886185094
PLT2022A09,13.77014167,121.0280167,13.77014167,121.0280167,,1269.01322744599,13.77014167,121.0280167,"0",730.0955164839,13.77014167,121.0280167,13.77014167,121.0280167,,1269.01322744599,13.77014167,121.0280167,"0",730.0955164839,Taal Volcano Protected Landscape,26709.7306642557
PLT2022A10,13.67039722,121.0536333,13.67039722,121.0536333,,1966.94017579015,13.67039722,121.0536333,"0",156.577881717709,13.67039722,121.0536333,13.67039722,121.0536333,,1966.94017579015,13.67039722,121.0536333,"0",156.577881717709,Puerto Galera,23117.6867562882
PLT2022A11,13.73667222,121.0562917,13.73667222,121.0562917,,665.133962321367,13.73667222,121.0562917,"0",710.87049098588,13.73667222,121.0562917,13.73667222,121.0562917,,665.133962321367,13.73667222,121.0562917,"0",710.87049098588,Puerto Galera,29536.1509329129
PLT2022A12,14.50194583,120.9925513,14.50194583,120.9925513,,158.502500122694,14.50194583,120.9925513,"0",190.497370919116,14.50194583,120.9925513,14.50194583,120.9925513,,158.502500122694,14.50194583,120.9925513,"0",190.497370919116,Manila Bay,39003.9234962244
PLT2022A13,14.588505,120.954974,14.588505,120.954974,Pasig  River,1122.98005427812,14.588505,120.954974,"0",1094.109930224,14.588505,120.954974,14.588505,120.954974,Pasig  River,1122.98005427812,14.588505,120.954974,"0",1094.109930224,Manila Bay,29083.6400758784
REI2022A01,10.816072,115.822639,10.816072,115.822639,,279879.858590036,10.816072,115.822639,"0",278912.261780223,10.816072,115.822639,10.816072,115.822639,,279879.858590036,10.816072,115.822639,"0",278912.261780223,Mount Mantalingahan,296990.123705811
REI2022A02,10.817133,115.823428,10.817133,115.823428,,279897.933408394,10.817133,115.823428,"0",278932.040755671,10.817133,115.823428,10.817133,115.823428,,279897.933408394,10.817133,115.823428,"0",278932.040755671,Mount Mantalingahan,297010.755148409
REI2022A03,10.730883,115.803008,10.730883,115.803008,,275086.250992363,10.730883,115.803008,"0",274019.563204534,10.730883,115.803008,10.730883,115.803008,,275086.250992363,10.730883,115.803008,"0",274019.563204534,Mount Mantalingahan,292040.032891325
REI2022A04,10.734292,115.802667,10.734292,115.802667,,275365.064714218,10.734292,115.802667,"0",274301.408267133,10.734292,115.802667,10.734292,115.802667,,275365.064714218,10.734292,115.802667,"0",274301.408267133,Mount Mantalingahan,292323.859250067
REQ2022A01,8.615277778,123.4025,8.615277778,123.4025,,916.989775164411,8.615277778,123.4025,"24",666.011843427809,8.615277778,123.4025,8.615277778,123.4025,,916.989775164411,8.615277778,123.4025,"24",666.011843427809,Mount Dapiak-Mount Paraya,32751.083430589
REQ2022A02,8.614166667,123.3977778,8.614166667,123.3977778,,1049.31528491928,8.614166667,123.3977778,"24",438.358097277188,8.614166667,123.3977778,8.614166667,123.3977778,,1049.31528491928,8.614166667,123.3977778,"24",438.358097277188,Mount Dapiak-Mount Paraya,32593.1899164993
REQ2022A03,8.623611111,123.3936111,8.623611111,123.3936111,,243.50046427963,8.623611111,123.3936111,"24",300.618118408038,8.623611111,123.3936111,8.623611111,123.3936111,,243.50046427963,8.623611111,123.3936111,"24",300.618118408038,Mount Dapiak-Mount Paraya,33612.3284158895
RUB2022A0X,14.3624463,120.9498504,14.3624463,120.9498504,,115.203843543003,14.3624463,120.9498504,"0",858.932430867437,14.3624463,120.9498504,14.3624463,120.9498504,,115.203843543003,14.3624463,120.9498504,"0",858.932430867437,Mounts Palay-Palay-Mataas Na Gulod National Park,32655.7215896808
RUB2022A0Y,14.3624463,120.9498504,14.3624463,120.9498504,,115.203843543003,14.3624463,120.9498504,"0",858.932430867437,14.3624463,120.9498504,14.3624463,120.9498504,,115.203843543003,14.3624463,120.9498504,"0",858.932430867437,Mounts Palay-Palay-Mataas Na Gulod National Park,32655.7215896808
SAJ2021A01,10.018117,119.07695,10.018117,119.07695,,497.556130818634,10.018117,119.07695,"0",1975.34553351684,10.018117,119.07695,10.018117,119.07695,,497.556130818634,10.018117,119.07695,"0",1975.34553351684,Puerto Princesa Subterranean River Natural Park / Cleopatra's Needle,24045.0585490793
SAJ2021A02,10.004183,119.03015,10.004183,119.03015,,218.370091783024,10.004183,119.03015,"0",1605.72223657375,10.004183,119.03015,10.004183,119.03015,,218.370091783024,10.004183,119.03015,"0",1605.72223657375,Puerto Princesa Subterranean River Natural Park / Cleopatra's Needle,21957.9894343802
SAJ2021A03,9.984567,118.951917,9.984567,118.951917,,1826.19566672338,9.984567,118.951917,"0",4659.16418264136,9.984567,118.951917,9.984567,118.951917,,1826.19566672338,9.984567,118.951917,"0",4659.16418264136,Puerto Princesa Subterranean River Natural Park / Cleopatra's Needle,20806.6633959723
SAJ2021A04,9.981,118.8856,9.981,118.8856,,2768.41971674686,9.981,118.8856,"0",2100.3083485697,9.981,118.8856,9.981,118.8856,,2768.41971674686,9.981,118.8856,"0",2100.3083485697,Puerto Princesa Subterranean River Natural Park / Cleopatra's Needle,21242.3111891357
SAJ2021A05,9.7509,118.772317,9.7509,118.772317,,6802.29149990879,9.7509,118.772317,"0",6550.74432400594,9.7509,118.772317,9.7509,118.772317,,6802.29149990879,9.7509,118.772317,"0",6550.74432400594,Puerto Princesa Subterranean River Natural Park / Cleopatra's Needle,49102.7589395655
SAJ2021A06,9.7509,118.772,9.7509,118.772,,6777.67947329738,9.7509,118.772,"0",6523.95910789659,9.7509,118.772,9.7509,118.772,,6777.67947329738,9.7509,118.772,"0",6523.95910789659,Puerto Princesa Subterranean River Natural Park / Cleopatra's Needle,49114.2334642785
SAJ2021A07,9.750983,118.772367,9.750983,118.772367,,6799.71337528482,9.750983,118.772367,"0",6549.13915284796,9.750983,118.772367,9.750983,118.772367,,6799.71337528482,9.750983,118.772367,"0",6549.13915284796,Puerto Princesa Subterranean River Natural Park / Cleopatra's Needle,49092.2834859817
SAJ2021A08,9.660433,118.74025,9.660433,118.74025,,172.534450676056,9.660433,118.74025,"0",55.980511929777,9.660433,118.74025,9.660433,118.74025,,172.534450676056,9.660433,118.74025,"0",55.980511929777,Victoria and Anepahan Ranges,57433.5204535673
SAJ2021A09,9.606767,118.701583,9.606767,118.701583,,3976.13999169409,9.606767,118.701583,"0",477.668720539957,9.606767,118.701583,9.606767,118.701583,,3976.13999169409,9.606767,118.701583,"0",477.668720539957,Rasa Island Wildlife Sanctuary,50615.4310546596
SAJ2021A10,9.57165,118.68055,9.57165,118.68055,,3874.37777093875,9.57165,118.68055,"0",447.663779634092,9.57165,118.68055,9.57165,118.68055,,3874.37777093875,9.57165,118.68055,"0",447.663779634092,Rasa Island Wildlife Sanctuary,46108.2123044325
SAJ2021A11,9.544417,118.653483,9.544417,118.653483,,1323.961418281,9.544417,118.653483,"0",462.937201506096,9.544417,118.653483,9.544417,118.653483,,1323.961418281,9.544417,118.653483,"0",462.937201506096,Rasa Island Wildlife Sanctuary,41942.6889999415
SAJ2021A12,10.197717,118.9028,10.197717,118.9028,,3315.60231947368,10.197717,118.9028,"0",754.538334402144,10.197717,118.9028,10.197717,118.9028,,3315.60231947368,10.197717,118.9028,"0",754.538334402144,Puerto Princesa Subterranean River Natural Park / Cleopatra's Needle,3598.75215590206
SAJ2021A13,10.075633,118.818217,10.075633,118.818217,,4042.73225965956,10.075633,118.818217,"0",2823.08022582291,10.075633,118.818217,10.075633,118.818217,,4042.73225965956,10.075633,118.818217,"0",2823.08022582291,Puerto Princesa Subterranean River Natural Park / Cleopatra's Needle,15276.9858264369
SAJ2021A14,10.073283,118.816283,10.073283,118.816283,,4378.09894036894,10.073283,118.816283,"0",3010.85078370264,10.073283,118.816283,10.073283,118.816283,,4378.09894036894,10.073283,118.816283,"0",3010.85078370264,Puerto Princesa Subterranean River Natural Park / Cleopatra's Needle,15609.448311919
SAJ2021A16,9.8741,118.607917,9.8741,118.607917,,2258.05076830662,9.8741,118.607917,"0",275.521200826841,9.8741,118.607917,9.8741,118.607917,,2258.05076830662,9.8741,118.607917,"0",275.521200826841,Puerto Princesa Subterranean River Natural Park / Cleopatra's Needle,47347.5787111605
SAJ2021A18,9.75915,118.509483,9.75915,118.509483,,5003.68788662022,9.75915,118.509483,"0",3978.02374832037,9.75915,118.509483,9.75915,118.509483,,5003.68788662022,9.75915,118.509483,"0",3978.02374832037,Victoria and Anepahan Ranges,47827.6608573266
SAJ2021A20,9.7267,118.453567,9.7267,118.453567,,4718.823474509,9.7267,118.453567,"0",526.081713057932,9.7267,118.453567,9.7267,118.453567,,4718.823474509,9.7267,118.453567,"0",526.081713057932,Victoria and Anepahan Ranges,41889.2697820303
ARA2023A01,7.300175,125.84796,7.300175,125.84796,,60.9739203879077,7.300175,125.84796,"0",5711.15066321334,7.300175,125.84796,7.300175,125.84796,,60.9739203879077,7.300175,125.84796,"0",5711.15066321334,Mount Kampalili-Puting Bato,47707.2113731574
ARA2023A02,7.293677,125.847291,7.293677,125.847291,,734.213374410931,7.293677,125.847291,"0",5320.64090364291,7.293677,125.847291,7.293677,125.847291,,734.213374410931,7.293677,125.847291,"0",5320.64090364291,Mount Kampalili-Puting Bato,47786.541838504
ARA2023A03,7.270109,125.840647,7.270109,125.840647,,3423.34147727093,7.270109,125.840647,"0",5094.13148242634,7.270109,125.840647,7.270109,125.840647,,3423.34147727093,7.270109,125.840647,"0",5094.13148242634,Mount Kampalili-Puting Bato,48628.837874385
ARA2023A04,7.243546,125.842797,7.243546,125.842797,,6298.92716651115,7.243546,125.842797,"0",5426.26298260319,7.243546,125.842797,7.243546,125.842797,,6298.92716651115,7.243546,125.842797,"0",5426.26298260319,Mount Kampalili-Puting Bato,48682.3563951648
CAP2023A01,9.839113333,123.374075,9.839113333,123.374075,,424.354385600366,9.839113333,123.374075,"0",787.229569382661,9.839113333,123.374075,9.839113333,123.374075,,424.354385600366,9.839113333,123.374075,"0",787.229569382661,Mount Kangbulagsing and Mount Lanaya,15611.879516857
CAP2023A04,9.839365,123.3728767,9.839365,123.3728767,,476.941587538551,9.839365,123.3728767,"0",828.998119512288,9.839365,123.3728767,9.839365,123.3728767,,476.941587538551,9.839365,123.3728767,"0",828.998119512288,Mount Kangbulagsing and Mount Lanaya,15617.6473784536
CAP2023A05,9.839346667,123.3730017,9.839346667,123.3730017,,470.775193518792,9.839346667,123.3730017,"0",824.580023463799,9.839346667,123.3730017,9.839346667,123.3730017,,470.775193518792,9.839346667,123.3730017,"0",824.580023463799,Mount Kangbulagsing and Mount Lanaya,15617.856214734
CAP2023A06,9.840071667,123.3732683,9.840071667,123.3732683,,541.161633321591,9.840071667,123.3732683,"0",899.679838570523,9.840071667,123.3732683,9.840071667,123.3732683,,541.161633321591,9.840071667,123.3732683,"0",899.679838570523,Mount Kangbulagsing and Mount Lanaya,15701.726326375
CAP2023A07,10.11634667,123.4910933,10.11634667,123.4910933,,1806.45191610127,10.11634667,123.4910933,"0",571.24884495022,10.11634667,123.4910933,10.11634667,123.4910933,,1806.45191610127,10.11634667,123.4910933,"0",571.24884495022,Nug-as and Mount Lantoy,24785.829837323
CAP2023A08,10.11618833,123.4914417,10.11618833,123.4914417,,1783.72547429065,10.11618833,123.4914417,"0",554.050738631587,10.11618833,123.4914417,10.11618833,123.4914417,,1783.72547429065,10.11618833,123.4914417,"0",554.050738631587,Nug-as and Mount Lantoy,24758.9896541099
CAP2023A09,10.11666,123.4922433,10.11666,123.4922433,,1826.32520481427,10.11666,123.4922433,"0",454.813307611937,10.11666,123.4922433,10.11666,123.4922433,,1826.32520481427,10.11666,123.4922433,"0",454.813307611937,Nug-as and Mount Lantoy,24786.7811379512
CAP2023A10,10.116815,123.490895,10.116815,123.490895,,1860.98860250622,10.116815,123.490895,"0",557.903368138483,10.116815,123.490895,10.116815,123.490895,,1860.98860250622,10.116815,123.490895,"0",557.903368138483,Nug-as and Mount Lantoy,24841.5065691189
CAP2023A11,10.11677667,123.4909983,10.11677667,123.4909983,,1855.04246528361,10.11677667,123.4909983,"0",550.926915247871,10.11677667,123.4909983,10.11677667,123.4909983,,1855.04246528361,10.11677667,123.4909983,"0",550.926915247871,Nug-as and Mount Lantoy,24834.4614586204
CAP2023A12,10.11676833,123.4917233,10.11676833,123.4917233,,1843.68287177069,10.11676833,123.4917233,"0",488.3295274934,10.11676833,123.4917233,10.11676833,123.4917233,,1843.68287177069,10.11676833,123.4917233,"0",488.3295274934,Nug-as and Mount Lantoy,24812.9846063905
CAP2023A13,11.05933333,123.9928,11.05933333,123.9928,,1095.79316290039,11.05933333,123.9928,"0",352.294328176198,11.05933333,123.9928,11.05933333,123.9928,,1095.79316290039,11.05933333,123.9928,"0",352.294328176198,Mount Capayas,52521.4021583492
CAP2023A14,11.0591,123.9928833,11.0591,123.9928833,,1096.61939965797,11.0591,123.9928833,"0",350.722089598366,11.0591,123.9928833,11.0591,123.9928833,,1096.61939965797,11.0591,123.9928833,"0",350.722089598366,Mount Capayas,52497.273252242
CAP2023A15,11.05895,123.99295,11.05895,123.99295,,1098.89141943367,11.05895,123.99295,"0",352.20647095024,11.05895,123.99295,11.05895,123.99295,,1098.89141943367,11.05895,123.99295,"0",352.20647095024,Mount Capayas,52481.9818092612
CAP2023A16,11.05903333,123.9934333,11.05903333,123.9934333,,1152.20466256838,11.05903333,123.9934333,"0",405.399511382313,11.05903333,123.9934333,11.05903333,123.9934333,,1152.20466256838,11.05903333,123.9934333,"0",405.399511382313,Mount Capayas,52499.14975503
CAP2023A17,11.05886667,123.9935667,11.05886667,123.9935667,,1161.42964557287,11.05886667,123.9935667,"0",414.70018432053,11.05886667,123.9935667,11.05886667,123.9935667,,1161.42964557287,11.05886667,123.9935667,"0",414.70018432053,Mount Capayas,52483.1659663265
CAP2023A18,11.05866667,123.9938533,11.05866667,123.9938533,,1186.47627580473,11.05866667,123.9938533,"0",440.919608247977,11.05866667,123.9938533,11.05866667,123.9938533,,1186.47627580473,11.05866667,123.9938533,"0",440.919608247977,Mount Capayas,52466.1198495058
CAP2023A19,10.08334167,123.661805,10.08334167,123.661805,,5171.30305354178,10.08334167,123.661805,"0",1489.66974259709,10.08334167,123.661805,10.08334167,123.661805,,5171.30305354178,10.08334167,123.661805,"0",1489.66974259709,Nug-as and Mount Lantoy,23696.1943959589
CAP2023A20,10.083165,123.6614917,10.083165,123.6614917,,5181.44032042444,10.083165,123.6614917,"0",1473.25951991496,10.083165,123.6614917,10.083165,123.6614917,,5181.44032042444,10.083165,123.6614917,"0",1473.25951991496,Nug-as and Mount Lantoy,23661.7103764122
CAP2023A21,10.08332333,123.66112,10.08332333,123.66112,,5154.36447017139,10.08332333,123.66112,"0",1430.13043996357,10.08332333,123.66112,10.08332333,123.66112,,5154.36447017139,10.08332333,123.66112,"0",1430.13043996357,Nug-as and Mount Lantoy,23655.6897416332
CAP2023A22,10.08262333,123.6616983,10.08262333,123.6616983,,5245.12731794315,10.08262333,123.6616983,"0",1527.5045446021,10.08262333,123.6616983,10.08262333,123.6616983,,5245.12731794315,10.08262333,123.6616983,"0",1527.5045446021,Nug-as and Mount Lantoy,23622.1734232914
CAP2023A23,10.08250833,123.6611217,10.08250833,123.6611217,,5241.85711613082,10.08250833,123.6611217,"0",1486.17702203269,10.08250833,123.6611217,10.08250833,123.6611217,,5241.85711613082,10.08250833,123.6611217,"0",1486.17702203269,Nug-as and Mount Lantoy,23578.5692703085
CAP2023A24,10.08271833,123.6614467,10.08271833,123.6614467,,5228.04625317212,10.08271833,123.6614467,"0",1499.30038530595,10.08271833,123.6614467,10.08271833,123.6614467,,5228.04625317212,10.08271833,123.6614467,"0",1499.30038530595,Nug-as and Mount Lantoy,23616.8737892572
CAP2023A25,10.58101667,124.0331,10.58101667,124.0331,,2884.4339115968,10.58101667,124.0331,"0",1321.08267485552,10.58101667,124.0331,10.58101667,124.0331,,2884.4339115968,10.58101667,124.0331,"0",1321.08267485552,Mount Capayas,12417.1917353367
CAP2023A26,10.58093333,124.0329,10.58093333,124.0329,,2873.95449922557,10.58093333,124.0329,"0",1297.99992628929,10.58093333,124.0329,10.58093333,124.0329,,2873.95449922557,10.58093333,124.0329,"0",1297.99992628929,Mount Capayas,12396.1186221866
CAP2023A27,10.58076667,124.0326833,10.58076667,124.0326833,,2868.39972416202,10.58076667,124.0326833,"0",1267.97010003495,10.58076667,124.0326833,10.58076667,124.0326833,,2868.39972416202,10.58076667,124.0326833,"0",1267.97010003495,Mount Capayas,12373.9926365857
CAP2023A28,10.581,124.0333,10.581,124.0333,,2902.24403393254,10.581,124.0333,"0",1337.70175696286,10.581,124.0333,10.581,124.0333,,2902.24403393254,10.581,124.0333,"0",1337.70175696286,Mount Capayas,12439.1569106236
CAP2023A29,10.58088333,124.03325,10.58088333,124.03325,,2906.49768023125,10.58088333,124.03325,"0",1325.74615198451,10.58088333,124.03325,10.58088333,124.03325,,2906.49768023125,10.58088333,124.03325,"0",1325.74615198451,Mount Capayas,12434.7448339285
CAP2023A30,10.58061667,124.0329833,10.58061667,124.0329833,,2903.95296082564,10.58061667,124.0329833,"0",1284.88877216272,10.58061667,124.0329833,10.58061667,124.0329833,,2903.95296082564,10.58061667,124.0329833,"0",1284.88877216272,Mount Capayas,12408.0919826469
CAP2023A31,11.11223833,124.0046133,11.11223833,124.0046133,,1736.67883969313,11.11223833,124.0046133,"0",2603.46329644911,11.11223833,124.0046133,11.11223833,124.0046133,,1736.67883969313,11.11223833,124.0046133,"0",2603.46329644911,Mount Capayas,58502.8628408285
CAP2023A32,11.11204,124.0043017,11.11204,124.0043017,,1715.38970255263,11.11204,124.0043017,"0",2613.70636709807,11.11204,124.0043017,11.11204,124.0043017,,1715.38970255263,11.11204,124.0043017,"0",2613.70636709807,Mount Capayas,58475.8207646812
CAP2023A33,11.11160833,124.004465,11.11160833,124.004465,,1752.74270436256,11.11160833,124.004465,"0",2664.62129381923,11.11160833,124.004465,11.11160833,124.004465,,1752.74270436256,11.11160833,124.004465,"0",2664.62129381923,Mount Capayas,58431.4894069862
CAP2023A34,11.11063833,124.0055283,11.11063833,124.0055283,,1905.5778201901,11.11063833,124.0055283,"0",2803.33644456788,11.11063833,124.0055283,11.11063833,124.0055283,,1905.5778201901,11.11063833,124.0055283,"0",2803.33644456788,Mount Capayas,58344.0685814652
CAP2023A35,11.11061167,124.0052783,11.11061167,124.0052783,,1883.04167972229,11.11061167,124.0052783,"0",2797.19072961514,11.11061167,124.0052783,11.11061167,124.0052783,,1883.04167972229,11.11061167,124.0052783,"0",2797.19072961514,Mount Capayas,58336.7822545347
CAP2023A36,11.11033333,124.0051117,11.11033333,124.0051117,,1882.35990694573,11.11033333,124.0051117,"0",2820.5944424138,11.11033333,124.0051117,11.11033333,124.0051117,,1882.35990694573,11.11033333,124.0051117,"0",2820.5944424138,Mount Capayas,58303.4798493536
CAP2023A37,10.96695,123.9232167,10.96695,123.9232167,,3578.36329186551,10.96695,123.9232167,"0",780.891501748108,10.96695,123.9232167,10.96695,123.9232167,,3578.36329186551,10.96695,123.9232167,"0",780.891501748108,Mount Capayas,41697.1010324653
CAP2023A38,10.96711667,123.9233333,10.96711667,123.9233333,,3556.34203715766,10.96711667,123.9233333,"0",758.528048417236,10.96711667,123.9233333,10.96711667,123.9233333,,3556.34203715766,10.96711667,123.9233333,"0",758.528048417236,Mount Capayas,41715.645984791
CAP2023A39,10.96728333,123.92345,10.96728333,123.92345,,3534.31868784085,10.96728333,123.92345,"0",736.161611656134,10.96728333,123.92345,10.96728333,123.92345,,3534.31868784085,10.96728333,123.92345,"0",736.161611656134,Mount Capayas,41734.1937301374
CAP2023A40,10.96745,123.9227667,10.96745,123.9227667,,3575.23591008356,10.96745,123.9227667,"0",771.526526459921,10.96745,123.9227667,10.96745,123.9227667,,3575.23591008356,10.96745,123.9227667,"0",771.526526459921,Mount Capayas,41752.0206175507
CAP2023A41,10.96753333,123.92305,10.96753333,123.92305,,3546.45411558932,10.96753333,123.92305,"0",743.612404213478,10.96753333,123.92305,10.96753333,123.92305,,3546.45411558932,10.96753333,123.92305,"0",743.612404213478,Mount Capayas,41761.4738728039
CAP2023A42,10.96775,123.9232667,10.96775,123.9232667,,3512.77215827142,10.96775,123.9232667,"0",709.940189804307,10.96775,123.9232667,10.96775,123.9232667,,3512.77215827142,10.96775,123.9232667,"0",709.940189804307,Mount Capayas,41785.6358644904
JAR2023A01,7.23901,125.64952,7.23901,125.64952,,1098.2424994712,7.23901,125.64952,"716",1075.98906525019,7.23901,125.64952,7.23901,125.64952,,1098.2424994712,7.23901,125.64952,"716",1075.98906525019,Mount Apo,50776.1779961669
JAR2023A02,7.18194,125.65345,7.18194,125.65345,,470.495367052667,7.18194,125.65345,"718",410.004959453805,7.18194,125.65345,7.18194,125.65345,,470.495367052667,7.18194,125.65345,"718",410.004959453805,Mount Apo,47888.3501230577
JAR2023A03,7.03008,125.57382,7.03008,125.57382,Davao River,5774.1599899117,7.03008,125.57382,"0",1990.52320138383,7.03008,125.57382,7.03008,125.57382,Davao River,5774.1599899117,7.03008,125.57382,"0",1990.52320138383,Mount Apo,34024.0884315972
JAR2023A04,7.03832,125.53524,7.03832,125.53524,,6380.82943970803,7.03832,125.53524,"0",2574.27429576651,7.03832,125.53524,7.03832,125.53524,,6380.82943970803,7.03832,125.53524,"0",2574.27429576651,Mount Apo,30008.4798560871
JAR2023A05,7.01067,125.51017,7.01067,125.51017,,2259.73494174704,7.01067,125.51017,"0",2703.33812278478,7.01067,125.51017,7.01067,125.51017,,2259.73494174704,7.01067,125.51017,"0",2703.33812278478,Mount Apo,26753.7778012697
JAR2023A06,7.25122,125.66442,7.25122,125.66442,,1632.39499139678,7.25122,125.66442,"0",2652.48589301204,7.25122,125.66442,7.25122,125.66442,,1632.39499139678,7.25122,125.66442,"0",2652.48589301204,Mount Sinaka,51509.2833700686
JAR2023A07,7.03876,125.57845,7.03876,125.57845,Davao River,4810.51940966531,7.03876,125.57845,"0",1644.98290457415,7.03876,125.57845,7.03876,125.57845,Davao River,4810.51940966531,7.03876,125.57845,"0",1644.98290457415,Mount Apo,34695.5539379789
JAR2023A08,7.03834,125.53518,7.03834,125.53518,,6378.20618306092,7.03834,125.53518,"0",2579.32453178962,7.03834,125.53518,7.03834,125.53518,,6378.20618306092,7.03834,125.53518,"0",2579.32453178962,Mount Apo,30002.4801909187
