Station-Code,Station-Lat,Station-Lon,Sample,Habitat,Region,Province,City,Highly-Urbanized,Sampling-Year,Election-Flag,"Voter-Precinct-Cluster-Ratio_2016,19,22",Macro_Count,Waste-Generation_City-Munic,Sampling-Start,Sampling-End,Monsoon,River_dist_endpoint_km,River_dist_startpoint_km,River_dist_min_km,KBA_dist_km,Landfill_dist_km,Trigger_species,Basin_HubName,Catchment_area_km2,G_catchment_mean,Elevation_sd,Stream_length_total_km_so1,Stream_number_all,Basin_length_km_constrained,Basin_elongation_ratio_constrained,Basin_drainage_density,Basin_length_overland_flow,Popu_dens_city_2020,Population_region_2020,"Poverty_prov-city_2018,21,23",HDI_2015,GRDP_2017-22,GRDP_percapita_2017-22,"Gini_2015,18,21",Metro_Manila,"Income-Gap_2015,18,21",Labor-Participation_2017-22,Sanitation-Level_2020,GVA_AFF_2017-2022,AFF_2017-2022,GVA_AFF_2017-2022,AFSA_2017-2022
ABR2020A0X,6.921708333,126.2575694,Mangrove Surface Litter,Mangrove,Region XI (Davao Region),Davao Oriental,City of Mati,No,2019,TRUE,756.7204969,4,103.2829000,2019-05-00,2019-06-00,Southeast,3.367760266,3.730316754,3.367760266,41.90908256,10.31392287,37,Sumlog,536.61407,23.443913,427.07886,220.10014,107,49.589634,0.52710265,0.80900311,0.61804456,250.661706,"5,243,536",0.38,0.557,922613.763,0.175952594,0.4108,No,0.216,0.598,0.981487,149367.214,0.161895714,17547.358,0.019019181
ABR2021A01,6.730534833,125.3762446,Beach Surface Litter,Gulf,Region XI (Davao Region),Davao del Sur,City of Digos,No,2021,FALSE,833.9384979,51,134.8429000,3/21/21,3/21/21,Northeast,1.832512302,1.26862961,1.26862961,29.98364158,12.61024078,67,Padada_Mainit,1188.1769,14.133672,422.28555,631.33484,285,49.384491,0.78759879,0.97479659,0.51292753,656.1337513,"5,243,536",0.18,0.728,967140.487,0.184444331,0.4071,No,0.211,0.609,0.981487,184461.078,0.190728318,13775.496,0.014243532
ABR2023A01,6.926111111,126.2819444,Water/Bouyant Litter,Open Water,Region XI (Davao Region),Davao Oriental,City of Mati,No,2021,FALSE,756.7204969,1,106.2172000,10/21/21,11/23/21,Northeast,4.795529554,4.251489111,4.251489111,41.34941878,11.43203592,37,Sumlog,536.61407,23.443913,427.07886,220.10014,107,49.589634,0.52710265,0.80900311,0.61804456,250.661706,"5,243,536",0.3,0.557,967140.487,0.184444331,0.4071,No,0.191,0.609,0.981487,184461.078,0.190728318,13775.496,0.014243532
ACO2022A01,6.099305556,125.2004722,Beach Surface Litter,Beach,Region XII (SOCCSKSARGEN),South Cotabato,City of General Santos,Yes,2021,FALSE,806.0534208,56,522.0258000,8/11/21,9/4/21,Southeast,0.853100265,1.977952327,0.853100265,32.76999069,3.964684445,11,Makar,630.06958,13.342672,332.84885,393.98288,131,34.307102,0.82559162,1.0134728,0.49335313,1414.833827,"4,901,486",0.14,0.661,503888.631,0.102803238,0.4181,No,0.24,0.677,0.96911,141691.564,0.281196192,10686.259,0.021207581
ACO2022A02,6.099555556,125.1978611,Beach Surface Litter,Beach,Region XII (SOCCSKSARGEN),South Cotabato,City of General Santos,Yes,2021,FALSE,806.0534208,65,522.0258000,8/11/21,9/4/21,Southeast,0.622613301,2.267802492,0.622613301,32.6281535,3.735662034,11,Makar,630.06958,13.342672,332.84885,393.98288,131,34.307102,0.82559162,1.0134728,0.49335313,1414.833827,"4,901,486",0.14,0.661,503888.631,0.102803238,0.4181,No,0.24,0.677,0.96911,141691.564,0.281196192,10686.259,0.021207581
ACO2022A03,6.103361111,125.1918333,Beach Surface Litter,Beach,Region XII (SOCCSKSARGEN),South Cotabato,City of General Santos,Yes,2021,FALSE,806.0534208,107,522.0258000,8/11/21,9/4/21,Southeast,0.276944621,2.238303297,0.276944621,31.97879085,2.970402878,11,Makar,630.06958,13.342672,332.84885,393.98288,131,34.307102,0.82559162,1.0134728,0.49335313,1414.833827,"4,901,486",0.14,0.661,503888.631,0.102803238,0.4181,No,0.24,0.677,0.96911,141691.564,0.281196192,10686.259,0.021207581
ACO2022A04,6.106138889,125.1783056,Beach Surface Litter,Beach,Region XII (SOCCSKSARGEN),South Cotabato,City of General Santos,Yes,2021,FALSE,806.0534208,88,522.0258000,8/11/21,9/4/21,Southeast,1.785312728,0.762559727,0.762559727,31.14172738,1.963284059,11,Makar,630.06958,13.342672,332.84885,393.98288,131,34.307102,0.82559162,1.0134728,0.49335313,1414.833827,"4,901,486",0.14,0.661,503888.631,0.102803238,0.4181,No,0.24,0.677,0.96911,141691.564,0.281196192,10686.259,0.021207581
ACO2022A05,6.1065,125.1746389,Beach Surface Litter,Beach,Region XII (SOCCSKSARGEN),South Cotabato,City of General Santos,Yes,2021,FALSE,806.0534208,83,522.0258000,8/11/21,9/4/21,Southeast,2.192863543,0.4051711,0.4051711,30.96472236,1.863358646,11,Makar,630.06958,13.342672,332.84885,393.98288,131,34.307102,0.82559162,1.0134728,0.49335313,1414.833827,"4,901,486",0.14,0.661,503888.631,0.102803238,0.4181,No,0.24,0.677,0.96911,141691.564,0.281196192,10686.259,0.021207581
ACO2022A06,6.039583333,125.1435278,Beach Surface Litter,Beach,Region XII (SOCCSKSARGEN),South Cotabato,City of General Santos,Yes,2021,FALSE,806.0534208,3,522.0258000,8/11/21,9/4/21,Southeast,2.994245939,0.464511209,0.464511209,37.21012202,9.852559216,11,Makar,630.06958,13.342672,332.84885,393.98288,131,34.307102,0.82559162,1.0134728,0.49335313,1414.833827,"4,901,486",0.14,0.661,503888.631,0.102803238,0.4181,No,0.24,0.677,0.96911,141691.564,0.281196192,10686.259,0.021207581
ACO2022A07,6.037777778,125.1430278,Beach Surface Litter,Beach,Region XII (SOCCSKSARGEN),South Cotabato,City of General Santos,Yes,2021,FALSE,806.0534208,36,522.0258000,8/11/21,9/4/21,Southeast,2.882490204,0.298285667,0.298285667,37.39585559,10.05914838,11,Makar,630.06958,13.342672,332.84885,393.98288,131,34.307102,0.82559162,1.0134728,0.49335313,1414.833827,"4,901,486",0.14,0.661,503888.631,0.102803238,0.4181,No,0.24,0.677,0.96911,141691.564,0.281196192,10686.259,0.021207581
ACO2022A08,5.904,125.0819444,Beach Surface Litter,Beach,Region XII (SOCCSKSARGEN),Sarangani,Maasim,No,2021,FALSE,756.5,47,33.6951000,8/11/21,9/4/21,Southeast,3.239156558,0.78553122,0.78553122,51.53397882,17.91252172,11,Siguel,355.5188,23.326981,364.2767,188.92735,74,42.469624,0.50096565,0.80988491,0.61737168,129.7683992,"4,901,486",0.41,0.407,503888.631,0.102803238,0.4181,No,0.278,0.677,0.96911,141691.564,0.281196192,10686.259,0.021207581
ACO2022A09,5.902055556,125.0800833,Beach Surface Litter,Beach,Region XII (SOCCSKSARGEN),Sarangani,Maasim,No,2021,FALSE,756.5,43,33.6951000,8/11/21,9/4/21,Southeast,2.956369158,0.566302054,0.566302054,51.74855857,18.01172698,11,Siguel,355.5188,23.326981,364.2767,188.92735,74,42.469624,0.50096565,0.80988491,0.61737168,129.7683992,"4,901,486",0.41,0.407,503888.631,0.102803238,0.4181,No,0.278,0.677,0.96911,141691.564,0.281196192,10686.259,0.021207581
ACO2022A10,5.900555556,125.0791667,Beach Surface Litter,Beach,Region XII (SOCCSKSARGEN),Sarangani,Maasim,No,2021,FALSE,756.5,34,33.6951000,8/11/21,9/4/21,Southeast,2.792407553,0.434758396,0.434758396,51.9145187,18.03841504,11,Siguel,355.5188,23.326981,364.2767,188.92735,74,42.469624,0.50096565,0.80988491,0.61737168,129.7683992,"4,901,486",0.41,0.407,503888.631,0.102803238,0.4181,No,0.278,0.677,0.96911,141691.564,0.281196192,10686.259,0.021207581
ACO2022A11,5.871833333,125.0848611,Beach Surface Litter,Beach,Region XII (SOCCSKSARGEN),Sarangani,Maasim,No,2021,FALSE,756.5,23,33.6951000,8/11/21,9/4/21,Southeast,3.740767283,2.279508285,2.279508285,55.0933388,16.42270146,11,Siguel,355.5188,23.326981,364.2767,188.92735,74,42.469624,0.50096565,0.80988491,0.61737168,129.7683992,"4,901,486",0.41,0.407,503888.631,0.102803238,0.4181,No,0.278,0.677,0.96911,141691.564,0.281196192,10686.259,0.021207581
ACO2022A12,5.869138889,125.0827778,Beach Surface Litter,Beach,Region XII (SOCCSKSARGEN),Sarangani,Maasim,No,2021,FALSE,756.5,19,33.6951000,8/11/21,9/4/21,Southeast,3.723849857,2.524781337,2.524781337,55.38953211,16.57855952,11,Siguel,355.5188,23.326981,364.2767,188.92735,74,42.469624,0.50096565,0.80988491,0.61737168,129.7683992,"4,901,486",0.41,0.407,503888.631,0.102803238,0.4181,No,0.278,0.677,0.96911,141691.564,0.281196192,10686.259,0.021207581
ACO2022A13,5.863694444,125.0793889,Beach Surface Litter,Beach,Region XII (SOCCSKSARGEN),Sarangani,Maasim,No,2021,FALSE,756.5,19,33.6951000,8/11/21,9/4/21,Southeast,3.864580146,2.512330938,2.512330938,55.99079829,16.82536508,11,Siguel,355.5188,23.326981,364.2767,188.92735,74,42.469624,0.50096565,0.80988491,0.61737168,129.7683992,"4,901,486",0.41,0.407,503888.631,0.102803238,0.4181,No,0.278,0.677,0.96911,141691.564,0.281196192,10686.259,0.021207581
ACO2022A14,5.861611111,125.0771389,Beach Surface Litter,Beach,Region XII (SOCCSKSARGEN),Sarangani,Maasim,No,2021,FALSE,756.5,22,33.6951000,8/11/21,9/4/21,Southeast,3.887372979,2.214416152,2.214416152,56.22203657,17.03082039,11,Siguel,355.5188,23.326981,364.2767,188.92735,74,42.469624,0.50096565,0.80988491,0.61737168,129.7683992,"4,901,486",0.41,0.407,503888.631,0.102803238,0.4181,No,0.278,0.677,0.96911,141691.564,0.281196192,10686.259,0.021207581
BIN2019A0X,11.33811652,124.1152219,Beach Surface Litter,Beach,Region VII (Central Visayas),Cebu,Daanbantayan,No,2017,FALSE,669.5248401,588,46.7510000,2017-07-00,2017-08-00,Southeast,10.47859478,12.81169978,10.47859478,49.7861617,52.64105655,14,Pagsangahan,461.66559,9.9502707,216.39183,236.3696,134,31.513123,0.76935607,1.017436,0.49143139,1013.352119,"8,081,988",0.19,0.668,1067272.679,0.132055712,0.4645,No,0.276,0.65,0.931476,75789.067,0.071011906,32813.025,0.030744744
ESQ2020A01,8.520472,124.612694,Beach Surface Litter,Beach,Region X (Northern Mindanao),Misamis Oriental,City of Cagayan de Oro,Yes,2019,TRUE,760.3043137,67,509.8814000,2019-03-00,2019-04-00,Northeast,2.760217972,0.543960263,0.543960263,55.41334614,14.15387891,16,Iponan,417.21909,19.342167,219.24884,182.59488,72,40.680443,0.56656724,0.83336991,0.59997368,1764.539729,"5,022,768",0.09,0.708,885223.985,0.17624226,0.4059,No,0.19,0.687,0.969305,182869.141,0.206579514,25218.266,0.028488006
ESQ2020A02,8.520472,124.61275,Beach Surface Litter,Beach,Region X (Northern Mindanao),Misamis Oriental,City of Cagayan de Oro,Yes,2019,TRUE,760.3043137,33,509.8814000,2019-03-00,2019-04-00,Northeast,2.76638176,0.544986476,0.544986476,55.40774722,14.15652102,16,Iponan,417.21909,19.342167,219.24884,182.59488,72,40.680443,0.56656724,0.83336991,0.59997368,1764.539729,"5,022,768",0.09,0.708,885223.985,0.17624226,0.4059,No,0.19,0.687,0.969305,182869.141,0.206579514,25218.266,0.028488006
ESQ2020A03,8.520472,124.612778,Beach Surface Litter,Beach,Region X (Northern Mindanao),Misamis Oriental,City of Cagayan de Oro,Yes,2019,TRUE,760.3043137,67,509.8814000,2019-03-00,2019-04-00,Northeast,2.769463657,0.545524991,0.545524991,55.40494781,14.1578429,16,Iponan,417.21909,19.342167,219.24884,182.59488,72,40.680443,0.56656724,0.83336991,0.59997368,1764.539729,"5,022,768",0.09,0.708,885223.985,0.17624226,0.4059,No,0.19,0.687,0.969305,182869.141,0.206579514,25218.266,0.028488006
ESQ2020A04,8.511694,124.643028,Beach Surface Litter,Beach,Region X (Northern Mindanao),Misamis Oriental,City of Cagayan de Oro,Yes,2019,TRUE,760.3043137,133,509.8814000,2019-03-00,2019-04-00,Northeast,2.794555464,3.45470685,2.794555464,52.14964528,15.10286702,6,Cagayan_de_Oro,1354.0911,16.160948,481.42502,899.97748,300,67.834045,0.61211252,1.1379489,0.43938705,1764.539729,"5,022,768",0.09,0.708,885223.985,0.17624226,0.4059,No,0.19,0.687,0.969305,182869.141,0.206579514,25218.266,0.028488006
ESQ2020A05,8.511722,124.642972,Beach Surface Litter,Beach,Region X (Northern Mindanao),Misamis Oriental,City of Cagayan de Oro,Yes,2019,TRUE,760.3043137,2,509.8814000,2019-03-00,2019-04-00,Northeast,2.801207478,3.448201679,2.801207478,52.15652785,15.10145281,6,Cagayan_de_Oro,1354.0911,16.160948,481.42502,899.97748,300,67.834045,0.61211252,1.1379489,0.43938705,1764.539729,"5,022,768",0.09,0.708,885223.985,0.17624226,0.4059,No,0.19,0.687,0.969305,182869.141,0.206579514,25218.266,0.028488006
ESQ2020A06,8.51175,124.642944,Beach Surface Litter,Beach,Region X (Northern Mindanao),Misamis Oriental,City of Cagayan de Oro,Yes,2019,TRUE,760.3043137,133,509.8814000,2019-03-00,2019-04-00,Northeast,2.805570819,3.444756987,2.805570819,52.16056501,15.10195915,6,Cagayan_de_Oro,1354.0911,16.160948,481.42502,899.97748,300,67.834045,0.61211252,1.1379489,0.43938705,1764.539729,"5,022,768",0.09,0.708,885223.985,0.17624226,0.4059,No,0.19,0.687,0.969305,182869.141,0.206579514,25218.266,0.028488006
ESQ2020A07,8.503306,124.663833,Beach Surface Litter,Beach,Region X (Northern Mindanao),Misamis Oriental,City of Cagayan de Oro,Yes,2019,TRUE,760.3043137,133,509.8814000,2019-03-00,2019-04-00,Northeast,0.969892912,4.970307452,0.969892912,49.67837068,15.97999305,6,Cagayan_de_Oro,1354.0911,16.160948,481.42502,899.97748,300,67.834045,0.61211252,1.1379489,0.43938705,1764.539729,"5,022,768",0.09,0.708,885223.985,0.17624226,0.4059,No,0.19,0.687,0.969305,182869.141,0.206579514,25218.266,0.028488006
ESQ2020A08,8.503306,124.663861,Beach Surface Litter,Beach,Region X (Northern Mindanao),Misamis Oriental,City of Cagayan de Oro,Yes,2019,TRUE,760.3043137,167,509.8814000,2019-03-00,2019-04-00,Northeast,0.970586632,4.972211681,0.970586632,49.67552586,15.9822494,6,Cagayan_de_Oro,1354.0911,16.160948,481.42502,899.97748,300,67.834045,0.61211252,1.1379489,0.43938705,1764.539729,"5,022,768",0.09,0.708,885223.985,0.17624226,0.4059,No,0.19,0.687,0.969305,182869.141,0.206579514,25218.266,0.028488006
ESQ2020A09,8.503306,124.663917,Beach Surface Litter,Beach,Region X (Northern Mindanao),Misamis Oriental,City of Cagayan de Oro,Yes,2019,TRUE,760.3043137,167,509.8814000,2019-03-00,2019-04-00,Northeast,0.972001921,4.976023683,0.972001921,49.66983631,15.98676292,6,Cagayan_de_Oro,1354.0911,16.160948,481.42502,899.97748,300,67.834045,0.61211252,1.1379489,0.43938705,1764.539729,"5,022,768",0.09,0.708,885223.985,0.17624226,0.4059,No,0.19,0.687,0.969305,182869.141,0.206579514,25218.266,0.028488006
ESQ2020A10,8.480194,124.722333,Beach Surface Litter,Beach,Region X (Northern Mindanao),Misamis Oriental,City of Cagayan de Oro,Yes,2019,TRUE,760.3043137,133,509.8814000,2019-03-00,2019-04-00,Northeast,1.745295456,1.235685755,1.235685755,42.74973203,10.64505623,6,Cagayan_de_Oro,1354.0911,16.160948,481.42502,899.97748,300,67.834045,0.61211252,1.1379489,0.43938705,1764.539729,"5,022,768",0.09,0.708,885223.985,0.17624226,0.4059,No,0.19,0.687,0.969305,182869.141,0.206579514,25218.266,0.028488006
ESQ2020A11,8.480167,124.722278,Beach Surface Litter,Beach,Region X (Northern Mindanao),Misamis Oriental,City of Cagayan de Oro,Yes,2019,TRUE,760.3043137,2,509.8814000,2019-03-00,2019-04-00,Northeast,1.738548649,1.241390628,1.241390628,42.75415454,10.64943217,6,Cagayan_de_Oro,1354.0911,16.160948,481.42502,899.97748,300,67.834045,0.61211252,1.1379489,0.43938705,1764.539729,"5,022,768",0.09,0.708,885223.985,0.17624226,0.4059,No,0.19,0.687,0.969305,182869.141,0.206579514,25218.266,0.028488006
ESQ2020A12,8.480139,124.72225,Beach Surface Litter,Beach,Region X (Northern Mindanao),Misamis Oriental,City of Cagayan de Oro,Yes,2019,TRUE,760.3043137,2,509.8814000,2019-03-00,2019-04-00,Northeast,1.734360734,1.245642289,1.245642289,42.75579459,10.65103665,6,Cagayan_de_Oro,1354.0911,16.160948,481.42502,899.97748,300,67.834045,0.61211252,1.1379489,0.43938705,1764.539729,"5,022,768",0.09,0.708,885223.985,0.17624226,0.4059,No,0.19,0.687,0.969305,182869.141,0.206579514,25218.266,0.028488006
GAB2022A01,8.301472222,124.2540556,Seagrass Surface Litter,Seagrass Bed,Region X (Northern Mindanao),Lanao del Norte,City of Iligan,Yes,2021,FALSE,634.6426887,3,260.4710000,7/8/21,8/19/21,Southeast,0.818950052,4.610887181,0.818950052,43.28699535,29.47849447,6,Mandulog,776.0307,16.620279,318.45187,341.53012,162,52.358467,0.60035425,0.81322724,0.61483431,446.4327428,"5,022,768",0.16,0.599,948892.065,0.188918155,0.4128,No,0.257,0.698,0.969305,222758.347,0.234756254,16278.095,0.017154844
GAB2022A02,8.265361111,124.2498611,Seagrass Surface Litter,Seagrass Bed,Region X (Northern Mindanao),Lanao del Norte,City of Iligan,Yes,2021,FALSE,634.6426887,1,260.4710000,7/8/21,8/19/21,Southeast,0.92135929,1.646549543,0.92135929,39.7890001,27.03703075,6,Mandulog,776.0307,16.620279,318.45187,341.53012,162,52.358467,0.60035425,0.81322724,0.61483431,446.4327428,"5,022,768",0.16,0.599,948892.065,0.188918155,0.4128,No,0.257,0.698,0.969305,222758.347,0.234756254,16278.095,0.017154844
GAB2022A03,8.213888889,124.2234444,Seagrass Surface Litter,Seagrass Bed,Region X (Northern Mindanao),Lanao del Norte,City of Iligan,Yes,2021,FALSE,634.6426887,3,260.4710000,7/8/21,8/19/21,Southeast,3.936568167,1.911363947,1.911363947,33.5215402,22.14057362,6,Agus,1894.0713,9.1455641,371.28189,953.10675,340,72.147339,0.68066418,0.84995461,0.58826673,446.4327428,"5,022,768",0.16,0.599,948892.065,0.188918155,0.4128,No,0.257,0.698,0.969305,222758.347,0.234756254,16278.095,0.017154844
GAB2022A04,8.195638889,124.1835278,Seagrass Surface Litter,Seagrass Bed,Region X (Northern Mindanao),Lanao del Norte,City of Iligan,Yes,2021,FALSE,634.6426887,3,260.4710000,7/8/21,8/19/21,Southeast,0.9224377,1.867083818,0.9224377,29.24232718,17.34480553,6,Agus,1894.0713,9.1455641,371.28189,953.10675,340,72.147339,0.68066418,0.84995461,0.58826673,446.4327428,"5,022,768",0.16,0.599,948892.065,0.188918155,0.4128,No,0.257,0.698,0.969305,222758.347,0.234756254,16278.095,0.017154844
GOM2023A01,14.28523,120.70441,Beach Surface Litter,Beach,Region IV-A (CALABARZON),Cavite,Ternate,No,2019,TRUE,822.7025268,6,7.6940000,5/1/19,6/1/19,Southeast,0.853401931,0.593852511,0.593852511,5.383387409,14.97229857,3,Ternate,284.29669,7.8142858,163.28027,229.32784,68,29.853477,0.63730311,1.2343085,0.40508509,411.3632571,"16,195,042",0.05,0.748,2865792.547,0.176954932,0.3952,No,0.205,0.64,0.987139,154281.235,0.053835451,48771.442,0.017018483
GOM2023A02,14.324969,120.754345,Beach Surface Litter,Beach,Region IV-A (CALABARZON),Cavite,Naic,No,2019,TRUE,822.7025268,63,101.5192000,5/1/19,6/1/19,Southeast,4.26320478,0.739536726,0.739536726,12.31360063,8.35747584,3,Ternate,284.29669,7.8142858,163.28027,229.32784,68,29.853477,0.63730311,1.2343085,0.40508509,2123.558897,"16,195,042",0.05,0.748,2865792.547,0.176954932,0.3952,No,0.205,0.64,0.987139,154281.235,0.053835451,48771.442,0.017018483
GOM2023A03,14.442292,120.875152,Beach Surface Litter,Beach,Region IV-A (CALABARZON),Cavite,Noveleta,No,2019,TRUE,822.7025268,65,15.5617000,5/1/19,6/1/19,Southeast,0.228760128,0.143358841,0.143358841,30.69823992,11.9069752,3,Marikina_Pasig,3960.9763,7.2246151,204.45786,2280.5215,767,87.473007,0.81186181,0.97594637,0.5123232,3009.860012,"16,195,042",0.05,0.748,2865792.547,0.176954932,0.3952,No,0.205,0.64,0.987139,154281.235,0.053835451,48771.442,0.017018483
GOM2023A04,14.49744,120.98185,Mangrove Surface Litter,Mangrove,National Capital Region (NCR),Metro Manila,City of Las Piñas,Yes,2019,TRUE,852.5672451,66,351.9499000,5/1/19,6/1/19,Southeast,1.05064841,1.143050105,1.05064841,38.70777709,16.22582791,18,Marikina_Pasig,3960.9763,7.2246151,204.45786,2280.5215,767,87.473007,0.81186181,0.97594637,0.5123232,18546.74212,"13,484,462",0.02,0.849,6294194.685,0.466773883,0.352,Yes,0.147,0.605,0.998602,442.597,7.03183E-05,113000.796,0.017953178
GOM2023A05,14.588967,120.954459,Beach Surface Litter,Beach,National Capital Region (NCR),Metro Manila,City of Manila,Yes,2019,TRUE,852.5672451,42,1152.5930000,5/1/19,6/1/19,Southeast,1.127617512,1.074687742,1.074687742,29.00838839,12.80982435,18,Marikina_Pasig,3960.9763,7.2246151,204.45786,2280.5215,767,87.473007,0.81186181,0.97594637,0.5123232,73919.65572,"13,484,462",0.03,0.849,6294194.685,0.466773883,0.352,Yes,0.187,0.605,0.998602,442.597,7.03183E-05,113000.796,0.017953178
INO2022A01,8.5664,126.1627,Beach Surface Litter,Beach,Region XIII (Caraga Region),Surigao del Sur,Barobo,No,2021,FALSE,705.7901024,37,16.3958000,7/10/21,8/12/21,Southeast,7.10099414,6.494542147,6.494542147,23.79468503,22.61068222,24,Hinatuan,309.19431,6.8792214,60.653313,156.11769,71,33.819283,0.58668691,0.91923964,0.54392779,219.1587629,"2,804,788",0.31,0.541,331856.215,0.118317753,0.4474,No,0.222,0.678,0.962596,44613.563,0.134436425,6475.037,0.019511574
INO2022A02,8.56359,126.1758,Beach Surface Litter,Beach,Region XIII (Caraga Region),Surigao del Sur,Barobo,No,2021,FALSE,705.7901024,44,16.3958000,7/10/21,8/12/21,Southeast,8.57153131,6.848988859,6.848988859,24.83449055,24.08276284,24,Hinatuan,309.19431,6.8792214,60.653313,156.11769,71,33.819283,0.58668691,0.91923964,0.54392779,219.1587629,"2,804,788",0.31,0.541,331856.215,0.118317753,0.4474,No,0.222,0.678,0.962596,44613.563,0.134436425,6475.037,0.019511574
INO2022A03,8.53626,126.139,Beach Surface Litter,Beach,Region XIII (Caraga Region),Surigao del Sur,Barobo,No,2021,FALSE,705.7901024,18,16.3958000,7/10/21,8/12/21,Southeast,6.119893951,6.768031837,6.119893951,25.5886918,20.83606873,24,Hinatuan,309.19431,6.8792214,60.653313,156.11769,71,33.819283,0.58668691,0.91923964,0.54392779,219.1587629,"2,804,788",0.31,0.541,331856.215,0.118317753,0.4474,No,0.222,0.678,0.962596,44613.563,0.134436425,6475.037,0.019511574
INO2022A04,8.54883,126.2374,Beach Surface Litter,Beach,Region XIII (Caraga Region),Surigao del Sur,Barobo,No,2021,FALSE,705.7901024,12,16.3958000,7/10/21,8/12/21,Southeast,3.475523568,2.41702052,2.41702052,30.33882872,31.03735692,24,Hinatuan,309.19431,6.8792214,60.653313,156.11769,71,33.819283,0.58668691,0.91923964,0.54392779,219.1587629,"2,804,788",0.31,0.541,331856.215,0.118317753,0.4474,No,0.222,0.678,0.962596,44613.563,0.134436425,6475.037,0.019511574
KAL2019A01,8.518222222,124.5823056,Beach Surface Litter,Beach,Region X (Northern Mindanao),Misamis Oriental,Opol,No,2018,FALSE,624.5730825,16,33.1635000,2018-04-00,2018-04-00,Northeast,0.574883188,3.270928698,0.574883188,58.00199526,12.83188867,58,Iponan,417.21909,19.342167,219.24884,182.59488,72,40.680443,0.56656724,0.83336991,0.59997368,378.7300862,"5,022,768",0.21,0.708,821122.015,0.163479981,0.4059,No,0.19,0.663,0.969305,173541.351,0.211346606,22601.355,0.027524965
KAL2019A02,8.518186111,124.5823944,Beach Surface Litter,Beach,Region X (Northern Mindanao),Misamis Oriental,Opol,No,2018,FALSE,624.5730825,12,33.1635000,2018-04-00,2018-04-00,Northeast,0.585171269,3.260839739,0.585171269,57.99290936,12.830059,58,Iponan,417.21909,19.342167,219.24884,182.59488,72,40.680443,0.56656724,0.83336991,0.59997368,378.7300862,"5,022,768",0.21,0.708,821122.015,0.163479981,0.4059,No,0.19,0.663,0.969305,173541.351,0.211346606,22601.355,0.027524965
KAL2019A03,8.518169444,124.5824722,Beach Surface Litter,Beach,Region X (Northern Mindanao),Misamis Oriental,Opol,No,2018,FALSE,624.5730825,12,33.1635000,2018-04-00,2018-04-00,Northeast,0.593245608,3.2521462,0.593245608,57.98626954,12.83008062,58,Iponan,417.21909,19.342167,219.24884,182.59488,72,40.680443,0.56656724,0.83336991,0.59997368,378.7300862,"5,022,768",0.21,0.708,821122.015,0.163479981,0.4059,No,0.19,0.663,0.969305,173541.351,0.211346606,22601.355,0.027524965
KAL2019A04,8.571555556,124.5129167,Beach Surface Litter,Beach,Region X (Northern Mindanao),Misamis Oriental,City of El Salvador,No,2018,FALSE,624.5730825,12,41.1397000,2018-04-00,2018-04-00,Northeast,2.161827377,3.513778206,2.161827377,63.76841913,9.039591806,16,Iponan,417.21909,19.342167,219.24884,182.59488,72,40.680443,0.56656724,0.83336991,0.59997368,553.6599152,"5,022,768",0.21,0.708,821122.015,0.163479981,0.4059,No,0.19,0.663,0.969305,173541.351,0.211346606,22601.355,0.027524965
KAL2019A05,8.571755556,124.5126778,Beach Surface Litter,Beach,Region X (Northern Mindanao),Misamis Oriental,City of El Salvador,No,2018,FALSE,624.5730825,12,41.1397000,2018-04-00,2018-04-00,Northeast,2.195980102,3.516324434,2.195980102,63.78761271,9.023695561,16,Iponan,417.21909,19.342167,219.24884,182.59488,72,40.680443,0.56656724,0.83336991,0.59997368,553.6599152,"5,022,768",0.21,0.708,821122.015,0.163479981,0.4059,No,0.19,0.663,0.969305,173541.351,0.211346606,22601.355,0.027524965
KAL2019A06,8.571844444,124.5126417,Beach Surface Litter,Beach,Region X (Northern Mindanao),Misamis Oriental,City of El Salvador,No,2018,FALSE,624.5730825,1,41.1397000,2018-04-00,2018-04-00,Northeast,2.204754245,3.522025602,2.204754245,63.78873006,9.023788057,16,Iponan,417.21909,19.342167,219.24884,182.59488,72,40.680443,0.56656724,0.83336991,0.59997368,553.6599152,"5,022,768",0.21,0.708,821122.015,0.163479981,0.4059,No,0.19,0.663,0.969305,173541.351,0.211346606,22601.355,0.027524965
KAL2019A07,8.589941667,124.4732667,Beach Surface Litter,Beach,Region X (Northern Mindanao),Misamis Oriental,Alubijid,No,2018,FALSE,624.5730825,14,9.6489000,2018-04-00,2018-04-00,Northeast,1.786631579,5.386094644,1.786631579,67.47775161,6.769488442,16,Iponan,417.21909,19.342167,219.24884,182.59488,72,40.680443,0.56656724,0.83336991,0.59997368,375.911641,"5,022,768",0.21,0.708,821122.015,0.163479981,0.4059,No,0.19,0.663,0.969305,173541.351,0.211346606,22601.355,0.027524965
KAL2019A08,8.589702778,124.472875,Beach Surface Litter,Beach,Region X (Northern Mindanao),Misamis Oriental,Alubijid,No,2018,FALSE,624.5730825,1,9.6489000,2018-04-00,2018-04-00,Northeast,1.819090777,5.380799364,1.819090777,67.52579751,6.722725185,16,Iponan,417.21909,19.342167,219.24884,182.59488,72,40.680443,0.56656724,0.83336991,0.59997368,375.911641,"5,022,768",0.21,0.708,821122.015,0.163479981,0.4059,No,0.19,0.663,0.969305,173541.351,0.211346606,22601.355,0.027524965
KAL2019A09,8.588938889,124.4752417,Beach Surface Litter,Beach,Region X (Northern Mindanao),Misamis Oriental,Alubijid,No,2018,FALSE,624.5730825,1,9.6489000,2018-04-00,2018-04-00,Northeast,1.545209899,5.195274189,1.545209899,67.29191989,6.812709101,16,Iponan,417.21909,19.342167,219.24884,182.59488,72,40.680443,0.56656724,0.83336991,0.59997368,375.911641,"5,022,768",0.21,0.708,821122.015,0.163479981,0.4059,No,0.19,0.663,0.969305,173541.351,0.211346606,22601.355,0.027524965
PAC2022A01,7.8181,123.7127,Beach Surface Litter,Beach,Region X (Northern Mindanao),Lanao del Norte,Sultan Naga Dimaporo,No,2021,FALSE,634.6426887,132,18.8205000,7/15/21,8/17/21,Southeast,1.631497417,2.37110704,1.631497417,39.30411794,2.347510969,6,Maranding,452.1684,13.598216,419.56787,215.84871,93,45.490307,0.52745605,0.89613092,0.55795419,263.6650937,"5,022,768",0.43,0.599,948892.065,0.188918155,0.4128,No,0.257,0.698,0.969305,222758.347,0.234756254,16278.095,0.017154844
PAC2022A02,7.8164,123.6917,Mangrove Surface Litter,Mangrove,Region X (Northern Mindanao),Lanao del Norte,Sultan Naga Dimaporo,No,2021,FALSE,634.6426887,37,18.8205000,7/15/21,8/17/21,Southeast,2.752254982,0.959432921,0.959432921,41.46076291,2.766206608,6,Maranding,452.1684,13.598216,419.56787,215.84871,93,45.490307,0.52745605,0.89613092,0.55795419,263.6650937,"5,022,768",0.43,0.599,948892.065,0.188918155,0.4128,No,0.257,0.698,0.969305,222758.347,0.234756254,16278.095,0.017154844
PAC2022A03,7.7932,123.7254,Beach Surface Litter,Beach,Region X (Northern Mindanao),Lanao del Norte,Sultan Naga Dimaporo,No,2021,FALSE,634.6426887,34,18.8205000,7/15/21,8/17/21,Southeast,2.598867106,0.589988401,0.589988401,39.43403292,5.432135165,6,Maranding,452.1684,13.598216,419.56787,215.84871,93,45.490307,0.52745605,0.89613092,0.55795419,263.6650937,"5,022,768",0.43,0.599,948892.065,0.188918155,0.4128,No,0.257,0.698,0.969305,222758.347,0.234756254,16278.095,0.017154844
PAC2022A04,7.7646,123.7395,Beach Surface Litter,Beach,Region X (Northern Mindanao),Lanao del Norte,Sultan Naga Dimaporo,No,2021,FALSE,634.6426887,35,18.8205000,7/15/21,8/17/21,Southeast,2.815296001,3.8079713,2.815296001,39.92207942,8.956222674,6,Maranding,452.1684,13.598216,419.56787,215.84871,93,45.490307,0.52745605,0.89613092,0.55795419,263.6650937,"5,022,768",0.43,0.599,948892.065,0.188918155,0.4128,No,0.257,0.698,0.969305,222758.347,0.234756254,16278.095,0.017154844
PAL2019A01,13.980147,120.630093,Beach Surface Litter,Beach,Region IV-A (CALABARZON),Batangas,Lian,No,2016,TRUE,610.7222889,66,16.8840000,2016-00-00,2016-00-00,Northeast,3.684849006,1.196233925,1.196233925,30.16599259,13.96664675,3,Ternate,284.29669,7.8142858,163.28027,229.32784,68,29.853477,0.63730311,1.2343085,0.40508509,732.8125,"16,195,042",0.11,0.731,2423069.48,0.149617981,0.4011,No,0.244,0.637,0.987139,147970.446,0.061067356,39903.376,0.016468111
PAL2022A01,9.717665,123.464748,Mangrove Surface Litter,Mangrove,Region VII (Central Visayas),Cebu,Alcoy,No,2021,FALSE,829.5532831,57,6.0595000,2021-01-00,2021-03-00,Northeast,0.758446116,0.687989568,0.687989568,12.74262126,16.41508052,15,Tanjay,268.70361,16.15237,269.74628,132.16106,56,28.460274,0.64990926,0.88135815,0.56730628,311.3094272,"8,081,988",0.37,0.668,1237764.942,0.153151049,0.4344,No,0.262,0.648,0.931476,95104.835,0.076835942,23745.171,0.01918391
PAL2022A02,9.841909,123.419511,Mangrove Surface Litter,Mangrove,Region VII (Central Visayas),Cebu,Badian,No,2021,FALSE,829.5532831,14,13.9335000,2021-01-00,2021-03-00,Northeast,0.741129598,1.526224747,0.741129598,15.68843821,1.823723482,20,Ilog_Hilabangan,1985.6721,12.656084,213.84348,995.63977,410,66.677589,0.75409997,0.88318747,0.56613123,397.3380576,"8,081,988",0.37,0.668,1237764.942,0.153151049,0.4344,No,0.262,0.648,0.931476,95104.835,0.076835942,23745.171,0.01918391
PAL2022A03,10.480374,123.775069,Mangrove Surface Litter,Mangrove,Region VII (Central Visayas),Cebu,Balamban,No,2021,FALSE,829.5532831,249,49.3491000,2021-01-00,2021-03-00,Northeast,0.503630631,5.178018904,0.503630631,12.22114878,8.46446319,25,Himogaan,446.8667,12.384202,288.29437,311.04553,104,39.573765,0.60274929,1.1221553,0.44557112,285.2140544,"8,081,988",0.37,0.668,1237764.942,0.153151049,0.4344,No,0.262,0.648,0.931476,95104.835,0.076835942,23745.171,0.01918391
PAL2022A04,10.112797,123.530685,Mangrove Surface Litter,Mangrove,Region VII (Central Visayas),Cebu,Barili,No,2021,FALSE,829.5532831,273,41.8926000,2021-01-00,2021-03-00,Northeast,1.022157782,0.744155682,0.744155682,23.63208073,11.84606864,20,Binalbagan,1064.0415,11.531924,335.58148,648.52136,262,56.502888,0.65142393,1.0312573,0.48484504,660.4615007,"8,081,988",0.37,0.668,1237764.942,0.153151049,0.4344,No,0.262,0.648,0.931476,95104.835,0.076835942,23745.171,0.01918391
PAL2022A05,11.025159,123.997823,Mangrove Surface Litter,Mangrove,Region VII (Central Visayas),Cebu,City of Bogo,No,2021,FALSE,829.5532831,501,65.6737000,2021-01-00,2021-03-00,Northeast,0.125781273,1.165239428,0.125781273,48.8809612,55.40878994,14,Pagsangahan,461.66559,9.9502707,216.39183,236.3696,134,31.513123,0.76935607,1.017436,0.49143139,858.452473,"8,081,988",0.37,0.668,1237764.942,0.153151049,0.4344,No,0.262,0.648,0.931476,95104.835,0.076835942,23745.171,0.01918391
PAL2022A06,10.400561,123.948996,Mangrove Surface Litter,Mangrove,Region VII (Central Visayas),Cebu,Consolacion,No,2021,FALSE,829.5532831,61,77.7754000,2021-01-00,2021-03-00,Northeast,1.371230484,0.795370229,0.795370229,8.136678973,2.779631247,18,Inabanga,609.58582,9.4529533,133.63724,284.05362,125,50.498951,0.55168366,0.85438907,0.58521348,1005.516304,"8,081,988",0.37,0.668,1237764.942,0.153151049,0.4344,No,0.262,0.648,0.931476,95104.835,0.076835942,23745.171,0.01918391
PAL2022A07,10.340974,123.94301,Mangrove Surface Litter,Mangrove,Region VII (Central Visayas),Cebu,City of Mandaue,Yes,2021,FALSE,829.5532831,294,255.2892000,2021-01-00,2021-03-00,Northeast,4.142493341,2.38274002,2.38274002,3.195591775,8.497799429,18,Inabanga,609.58582,9.4529533,133.63724,284.05362,125,50.498951,0.55168366,0.85438907,0.58521348,14460.52423,"8,081,988",0.15,0.668,1237764.942,0.153151049,0.4344,No,0.262,0.648,0.931476,95104.835,0.076835942,23745.171,0.01918391
PAL2022A08,10.121941,123.632131,Mangrove Surface Litter,Mangrove,Region VII (Central Visayas),Cebu,City of Carcar,No,2021,FALSE,829.5532831,4,100.9420000,2021-01-00,2021-03-00,Northeast,2.047927029,1.714134564,1.714134564,26.14775998,11.36938003,20,Abatan,364.23761,11.272237,80.664192,203.77185,87,34.030788,0.63281304,0.89199162,0.56054336,1168.462065,"8,081,988",0.37,0.668,1237764.942,0.153151049,0.4344,No,0.262,0.648,0.931476,95104.835,0.076835942,23745.171,0.01918391
PAL2022A09,10.608895,123.975982,Mangrove Surface Litter,Mangrove,Region VII (Central Visayas),Cebu,Carmen,No,2021,FALSE,829.5532831,698,18.2723000,2021-01-00,2021-03-00,Northeast,1.985720676,0.920541206,0.920541206,6.472947985,21.0561717,14,Inabanga,609.58582,9.4529533,133.63724,284.05362,125,50.498951,0.55168366,0.85438907,0.58521348,205.4332846,"8,081,988",0.37,0.668,1237764.942,0.153151049,0.4344,No,0.262,0.648,0.931476,95104.835,0.076835942,23745.171,0.01918391
PAL2022A10,11.220019,124.018067,Mangrove Surface Litter,Mangrove,Region VII (Central Visayas),Cebu,Daanbantayan,No,2021,FALSE,829.5532831,9,48.8023000,2021-01-00,2021-03-00,Northeast,2.363465167,0.646342153,0.646342153,65.97033982,56.06118734,14,Pagsangahan,461.66559,9.9502707,216.39183,236.3696,134,31.513123,0.76935607,1.017436,0.49143139,1013.352119,"8,081,988",0.37,0.668,1237764.942,0.153151049,0.4344,No,0.262,0.648,0.931476,95104.835,0.076835942,23745.171,0.01918391
PAL2022A11,11.144488,123.986322,Mangrove Surface Litter,Mangrove,Region VII (Central Visayas),Cebu,Medellin,No,2021,FALSE,829.5532831,14,30.7500000,2021-01-00,2021-03-00,Northeast,1.093405043,1.286345491,1.093405043,61.76117152,57.37275592,14,Pagsangahan,461.66559,9.9502707,216.39183,236.3696,134,31.513123,0.76935607,1.017436,0.49143139,814.3872114,"8,081,988",0.37,0.668,1237764.942,0.153151049,0.4344,No,0.262,0.648,0.931476,95104.835,0.076835942,23745.171,0.01918391
PAL2022A12,10.266548,123.617942,Mangrove Surface Litter,Mangrove,Region VII (Central Visayas),Cebu,Pinamungajan,No,2021,FALSE,829.5532831,22,39.6818000,2021-01-00,2021-03-00,Northeast,0.802770176,1.620398493,0.802770176,20.20715443,2.743153381,25,Binalbagan,1064.0415,11.531924,335.58148,648.52136,262,56.502888,0.65142393,1.0312573,0.48484504,688.2649322,"8,081,988",0.37,0.668,1237764.942,0.153151049,0.4344,No,0.262,0.648,0.931476,95104.835,0.076835942,23745.171,0.01918391
PAL2022A13,10.983521,123.940712,Mangrove Surface Litter,Mangrove,Region VII (Central Visayas),Cebu,San Remigio,No,2021,FALSE,829.5532831,73,20.8583000,2021-01-00,2021-03-00,Northeast,0.930710428,1.354589797,0.930710428,43.58750869,51.33293291,14,Pagsangahan,461.66559,9.9502707,216.39183,236.3696,134,31.513123,0.76935607,1.017436,0.49143139,83.65275935,"8,081,988",0.37,0.668,1237764.942,0.153151049,0.4344,No,0.262,0.648,0.931476,95104.835,0.076835942,23745.171,0.01918391
PAL2022A14,10.030107,123.58191,Mangrove Surface Litter,Mangrove,Region VII (Central Visayas),Cebu,Sibonga,No,2021,FALSE,829.5532831,8,16.7384000,2021-01-00,2021-03-00,Northeast,0.212751044,1.708399379,0.212751044,14.81007403,19.82936614,20,Abatan,364.23761,11.272237,80.664192,203.77185,87,34.030788,0.63281304,0.89199162,0.56054336,400.3297115,"8,081,988",0.37,0.668,1237764.942,0.153151049,0.4344,No,0.262,0.648,0.931476,95104.835,0.076835942,23745.171,0.01918391
PLT2022A01,16.3342285,119.789863,Beach Surface Litter,Beach,Region I (Ilocos Region),Pangasinan,Bolinao,No,2022,TRUE,628.0131776,44,42.3947000,9/29/22,9/29/22,Southeast,1.972403779,3.429047446,1.972403779,90.86983315,9.545382772,11,Balite_Basit,258.80151,15.211905,141.05925,102.69992,46,30.577829,0.59365183,0.81604725,0.61270964,425.813812,"5,301,139",0.18,0.643,729474.685,0.137607161,0.4015,No,0.213,0.666,0.991508,124136.05,0.170171841,20153.794,0.027627818
PLT2022A02,16.3338885,119.789541,Beach Surface Litter,Beach,Region I (Ilocos Region),Pangasinan,Bolinao,No,2022,TRUE,628.0131776,33,42.3947000,9/29/22,9/29/22,Southeast,2.023374049,3.448872622,2.023374049,90.85165662,9.585525635,11,Balite_Basit,258.80151,15.211905,141.05925,102.69992,46,30.577829,0.59365183,0.81604725,0.61270964,425.813812,"5,301,139",0.18,0.643,729474.685,0.137607161,0.4015,No,0.213,0.666,0.991508,124136.05,0.170171841,20153.794,0.027627818
PLT2022A03,13.804202,120.911121,Underwater/Coral Reef/Sea Floor,Coral Reef,Region IV-A (CALABARZON),Batangas,Bauan,No,2022,TRUE,636.0388112,6,45.3093000,10/18/22,10/20/22,Southeast,0.706675052,0.085875106,0.085875106,24.71247474,4.606196984,4,Pansipit,661.02197,8.1307659,140.00444,439.4093,153,34.141449,0.84973025,0.96266276,0.51939267,1703.601576,"16,195,042",0.06,0.731,3140807.481,0.193936359,0.3773,No,0.166,0.645,0.987139,171083.263,0.054471108,61296.329,0.019516105
PLT2022A04,13.804473,120.912174,Beach Surface Litter,Beach,Region IV-A (CALABARZON),Batangas,Bauan,No,2022,TRUE,636.0388112,267,45.3093000,10/18/22,10/20/22,Southeast,0.592314166,0.13431186,0.13431186,24.6407875,4.493721391,4,Pansipit,661.02197,8.1307659,140.00444,439.4093,153,34.141449,0.84973025,0.96266276,0.51939267,1703.601576,"16,195,042",0.06,0.731,3140807.481,0.193936359,0.3773,No,0.166,0.645,0.987139,171083.263,0.054471108,61296.329,0.019516105
PLT2022A05,9.934805556,118.6452778,Beach Surface Litter,Beach,Region IV-B (MIMAROPA),Palawan,City of Puerto Princesa,Yes,2022,TRUE,613.8050987,11,232.3934000,11/25/22,11/25/22,Northeast,1.116249802,0.511196763,0.511196763,39.79564523,84.70125209,32,Rizal,362.1102,17.102423,132.40868,147.89262,82,27.014254,0.79484504,0.76455957,0.65397131,128.9695173,"3,228,558",0.08,0.699,453006.892,0.140312453,0.4193,No,0.185,0.654,0.906587,74642.379,0.164770957,13191.769,0.02912046
PLT2022A06,9.7265,118.4546667,Beach Surface Litter,Beach,Region IV-B (MIMAROPA),Palawan,City of Puerto Princesa,Yes,2022,TRUE,613.8050987,7,232.3934000,11/26/22,11/26/22,Northeast,4.614770576,0.646316562,0.646316562,41.91778298,83.71376709,39,Rizal,362.1102,17.102423,132.40868,147.89262,82,27.014254,0.79484504,0.76455957,0.65397131,128.9695173,"3,228,558",0.08,0.699,453006.892,0.140312453,0.4193,No,0.185,0.654,0.906587,74642.379,0.164770957,13191.769,0.02912046
PLT2022A07,9.546027778,118.6539722,Beach Surface Litter,Beach,Region IV-B (MIMAROPA),Palawan,City of Puerto Princesa,Yes,2022,TRUE,613.8050987,5,232.3934000,11/25/22,11/25/22,Northeast,1.182162738,0.284592878,0.284592878,42.12045136,90.05509307,2,Rizal,362.1102,17.102423,132.40868,147.89262,82,27.014254,0.79484504,0.76455957,0.65397131,128.9695173,"3,228,558",0.08,0.699,453006.892,0.140312453,0.4193,No,0.185,0.654,0.906587,74642.379,0.164770957,13191.769,0.02912046
PLT2022A08,10.02525,119.1219167,Beach Surface Litter,Beach,Region IV-B (MIMAROPA),Palawan,City of Puerto Princesa,Yes,2022,TRUE,613.8050987,17,232.3934000,11/26/22,11/26/22,Northeast,0.341627065,3.467720114,0.341627065,27.31548862,38.39301815,32,Rizal,362.1102,17.102423,132.40868,147.89262,82,27.014254,0.79484504,0.76455957,0.65397131,128.9695173,"3,228,558",0.08,0.699,453006.892,0.140312453,0.4193,No,0.185,0.654,0.906587,74642.379,0.164770957,13191.769,0.02912046
PLT2022A09,13.77014167,121.0280167,Beach Surface Litter,Beach,Region IV-A (CALABARZON),Batangas,Batangas City,No,2022,TRUE,636.0388112,88,252.6480000,11/2/22,11/5/22,Northeast,1.269013227,0.730095517,0.730095517,26.70973066,5.873647156,4,Calumpang,381.05191,3.5348046,86.497894,314.47482,87,24.760124,0.88959903,1.1591014,0.43136868,1242.002403,"16,195,042",0.06,0.731,3140807.481,0.193936359,0.3773,No,0.166,0.645,0.987139,171083.263,0.054471108,61296.329,0.019516105
PLT2022A10,13.67039722,121.0536333,Beach Surface Litter,Beach,Region IV-A (CALABARZON),Batangas,Batangas City,No,2022,TRUE,636.0388112,194,252.6480000,11/2/22,11/5/22,Northeast,1.966940176,0.156577882,0.156577882,23.11768676,15.27924097,29,Calumpang,381.05191,3.5348046,86.497894,314.47482,87,24.760124,0.88959903,1.1591014,0.43136868,1242.002403,"16,195,042",0.06,0.731,3140807.481,0.193936359,0.3773,No,0.166,0.645,0.987139,171083.263,0.054471108,61296.329,0.019516105
PLT2022A11,13.73667222,121.0562917,Mangrove Surface Litter,Mangrove,Region IV-A (CALABARZON),Batangas,Batangas City,No,2022,TRUE,636.0388112,263,252.6480000,11/2/22,11/5/22,Northeast,0.665133962,0.710870491,0.665133962,29.53615093,9.425349316,29,Calumpang,381.05191,3.5348046,86.497894,314.47482,87,24.760124,0.88959903,1.1591014,0.43136868,1242.002403,"16,195,042",0.06,0.731,3140807.481,0.193936359,0.3773,No,0.166,0.645,0.987139,171083.263,0.054471108,61296.329,0.019516105
PLT2022A12,14.50194583,120.9925513,Water/Bouyant Litter,River,National Capital Region (NCR),Metro Manila,City of Parañaque,Yes,2022,TRUE,694.8530082,2,700.3807000,11/2/22,11/5/22,Northeast,0.1585025,0.190497371,0.1585025,39.0039235,16.70358106,18,Marikina_Pasig,3960.9763,7.2246151,204.45786,2280.5215,767,87.473007,0.81186181,0.97594637,0.5123232,14816.23363,"13,484,462",0.04,0.849,6888962.938,0.510881557,0.3259,Yes,0.159,0.625,0.998602,560.698,8.13908E-05,76961.233,0.011171672
PLT2022A13,14.588505,120.954974,Beach Surface Litter,Beach,National Capital Region (NCR),Metro Manila,City of Manila,Yes,2022,TRUE,694.8530082,388,1143.7859000,10/25/22,10/25/22,Southeast,1.122980054,1.09410993,1.09410993,29.08364008,12.87724081,18,Marikina_Pasig,3960.9763,7.2246151,204.45786,2280.5215,767,87.473007,0.81186181,0.97594637,0.5123232,73919.65572,"13,484,462",0.02,0.849,6888962.938,0.510881557,0.3259,Yes,0.091,0.625,0.998602,560.698,8.13908E-05,76961.233,0.011171672
REI2022A01,10.816072,115.822639,Beach Surface Litter,Beach,Region IV-B (MIMAROPA),Palawan,Kalayaan,No,2022,TRUE,613.8050987,27,7.6816000,2022-10-00,2022-10-00,Southeast,279.8798586,278.9122618,278.9122618,296.9901237,291.5779779,34,Rizal,362.1102,17.102423,132.40868,147.89262,82,27.014254,0.79484504,0.76455957,0.65397131,531.223176,"3,228,558",0.16,0.699,453006.892,0.140312453,0.4193,No,0.185,0.654,0.906587,74642.379,0.164770957,13191.769,0.02912046
REI2022A02,10.817133,115.823428,Beach Surface Litter,Beach,Region IV-B (MIMAROPA),Palawan,Kalayaan,No,2022,TRUE,613.8050987,22,7.6816000,2022-10-00,2022-10-00,Southeast,279.8979334,278.9320408,278.9320408,297.0107551,291.5819821,34,Rizal,362.1102,17.102423,132.40868,147.89262,82,27.014254,0.79484504,0.76455957,0.65397131,531.223176,"3,228,558",0.16,0.699,453006.892,0.140312453,0.4193,No,0.185,0.654,0.906587,74642.379,0.164770957,13191.769,0.02912046
REI2022A03,10.730883,115.803008,Beach Surface Litter,Beach,Region IV-B (MIMAROPA),Palawan,Kalayaan,No,2022,TRUE,613.8050987,53,7.6816000,2022-10-00,2022-10-00,Southeast,275.086251,274.0195632,274.0195632,292.0400329,287.6198055,34,Rizal,362.1102,17.102423,132.40868,147.89262,82,27.014254,0.79484504,0.76455957,0.65397131,531.223176,"3,228,558",0.16,0.699,453006.892,0.140312453,0.4193,No,0.185,0.654,0.906587,74642.379,0.164770957,13191.769,0.02912046
REI2022A04,10.734292,115.802667,Beach Surface Litter,Beach,Region IV-B (MIMAROPA),Palawan,Kalayaan,No,2022,TRUE,613.8050987,7,7.6816000,2022-10-00,2022-10-00,Southeast,275.3650647,274.3014083,274.3014083,292.3238593,287.8724349,34,Rizal,362.1102,17.102423,132.40868,147.89262,82,27.014254,0.79484504,0.76455957,0.65397131,531.223176,"3,228,558",0.16,0.699,453006.892,0.140312453,0.4193,No,0.185,0.654,0.906587,74642.379,0.164770957,13191.769,0.02912046
REQ2022A01,8.615277778,123.4025,River Bank Surface,River,Region IX (Zamboanga Peninsula),Zamboanga del Norte,City of Dapitan,No,2021,FALSE,676.6300692,7,60.4809000,7/17/21,8/4/21,Southeast,0.916989775,0.666011843,0.666011843,32.75108343,16.53838712,10,Paro_Dapitan,395.43329,13.254403,383.78207,254.88882,91,46.73946,0.48007378,1.0783515,0.4636707,218.170179,"3,875,576",0.51,0.459,428106.861,0.11046277,0.405,No,0.293,0.649,0.952229,84028.3,0.196278798,4035.017,0.009425257
REQ2022A02,8.614166667,123.3977778,River Bank Surface,River,Region IX (Zamboanga Peninsula),Zamboanga del Norte,City of Dapitan,No,2021,FALSE,676.6300692,56,60.4809000,7/17/21,8/4/21,Southeast,1.049315285,0.438358097,0.438358097,32.59318992,16.70125269,10,Paro_Dapitan,395.43329,13.254403,383.78207,254.88882,91,46.73946,0.48007378,1.0783515,0.4636707,218.170179,"3,875,576",0.51,0.459,428106.861,0.11046277,0.405,No,0.293,0.649,0.952229,84028.3,0.196278798,4035.017,0.009425257
REQ2022A03,8.623611111,123.3936111,River Bank Surface,River,Region IX (Zamboanga Peninsula),Zamboanga del Norte,City of Dapitan,No,2021,FALSE,676.6300692,47,60.4809000,7/17/21,8/4/21,Southeast,0.243500464,0.300618118,0.243500464,33.61232842,17.83106177,10,Paro_Dapitan,395.43329,13.254403,383.78207,254.88882,91,46.73946,0.48007378,1.0783515,0.4636707,218.170179,"3,875,576",0.51,0.459,428106.861,0.11046277,0.405,No,0.293,0.649,0.952229,84028.3,0.196278798,4035.017,0.009425257
RUB2022A0X,14.3624463,120.9498504,Water/Bouyant Litter,River,Region IV-A (CALABARZON),Cavite,Cavite,Yes,2021,FALSE,822.7025268,447,69.8532000,2021-03-00,2021-04-00,Northeast,0.115203844,0.858932431,0.115203844,32.65572159,4.501772006,3,Marikina_Pasig,3960.9763,7.2246151,204.45786,2280.5215,767,87.473007,0.81186181,0.97594637,0.5123232,2846.678853,"16,195,042",0.1,0.748,2785990.792,0.172027389,0.3773,No,0.184,0.646,0.987139,161157.817,0.057845782,47683.72,0.017115534
RUB2022A0Y,14.3624463,120.9498504,Water/Bouyant Litter,River,Region IV-A (CALABARZON),Cavite,Cavite,Yes,2021,FALSE,822.7025268,352,69.8532000,2021-07-00,2021-08-00,Southeast,0.115203844,0.858932431,0.115203844,32.65572159,4.501772006,3,Marikina_Pasig,3960.9763,7.2246151,204.45786,2280.5215,767,87.473007,0.81186181,0.97594637,0.5123232,2846.678853,"16,195,042",0.1,0.748,2785990.792,0.172027389,0.3773,No,0.184,0.646,0.987139,161157.817,0.057845782,47683.72,0.017115534
SAJ2021A01,10.018117,119.07695,Beach Surface Litter,Beach,Region IV-B (MIMAROPA),Palawan,City of Puerto Princesa,Yes,2020,FALSE,712.8263158,244,223.5043000,3/12/20,6/12/20,Southeast,0.497556131,1.975345534,0.497556131,24.04505855,41.95097002,32,Rizal,362.1102,17.102423,132.40868,147.89262,82,27.014254,0.79484504,0.76455957,0.65397131,128.9695173,"3,228,558",0.04,0.699,342643.478,0.106128952,0.423,No,0.193,0.596,0.906587,62743.979,0.183117389,8650.918,0.025247578
SAJ2021A02,10.004183,119.03015,Beach Surface Litter,Beach,Region IV-B (MIMAROPA),Palawan,City of Puerto Princesa,Yes,2020,FALSE,712.8263158,16,223.5043000,3/12/20,6/12/20,Southeast,0.218370092,1.605722237,0.218370092,21.95798943,46.46607889,32,Rizal,362.1102,17.102423,132.40868,147.89262,82,27.014254,0.79484504,0.76455957,0.65397131,128.9695173,"3,228,558",0.04,0.699,342643.478,0.106128952,0.423,No,0.193,0.596,0.906587,62743.979,0.183117389,8650.918,0.025247578
SAJ2021A03,9.984567,118.951917,Beach Surface Litter,Beach,Region IV-B (MIMAROPA),Palawan,City of Puerto Princesa,Yes,2020,FALSE,712.8263158,238,223.5043000,3/12/20,6/12/20,Southeast,1.826195667,4.659164183,1.826195667,20.8066634,54.08137284,32,Rizal,362.1102,17.102423,132.40868,147.89262,82,27.014254,0.79484504,0.76455957,0.65397131,128.9695173,"3,228,558",0.04,0.699,342643.478,0.106128952,0.423,No,0.193,0.596,0.906587,62743.979,0.183117389,8650.918,0.025247578
SAJ2021A04,9.981,118.8856,Beach Surface Litter,Beach,Region IV-B (MIMAROPA),Palawan,City of Puerto Princesa,Yes,2020,FALSE,712.8263158,9,223.5043000,3/12/20,6/12/20,Southeast,2.768419717,2.100308349,2.100308349,21.24231119,59.89954441,32,Rizal,362.1102,17.102423,132.40868,147.89262,82,27.014254,0.79484504,0.76455957,0.65397131,128.9695173,"3,228,558",0.04,0.699,342643.478,0.106128952,0.423,No,0.193,0.596,0.906587,62743.979,0.183117389,8650.918,0.025247578
SAJ2021A05,9.7509,118.772317,Beach Surface Litter,Beach,Region IV-B (MIMAROPA),Palawan,City of Puerto Princesa,Yes,2020,FALSE,712.8263158,83,223.5043000,3/12/20,6/12/20,Southeast,6.8022915,6.550744324,6.550744324,49.10275894,86.24758512,32,Rizal,362.1102,17.102423,132.40868,147.89262,82,27.014254,0.79484504,0.76455957,0.65397131,128.9695173,"3,228,558",0.04,0.699,342643.478,0.106128952,0.423,No,0.193,0.596,0.906587,62743.979,0.183117389,8650.918,0.025247578
SAJ2021A06,9.7509,118.772,Beach Surface Litter,Beach,Region IV-B (MIMAROPA),Palawan,City of Puerto Princesa,Yes,2020,FALSE,712.8263158,238,223.5043000,3/12/20,6/12/20,Southeast,6.777679473,6.523959108,6.523959108,49.11423346,86.27164632,32,Rizal,362.1102,17.102423,132.40868,147.89262,82,27.014254,0.79484504,0.76455957,0.65397131,128.9695173,"3,228,558",0.04,0.699,342643.478,0.106128952,0.423,No,0.193,0.596,0.906587,62743.979,0.183117389,8650.918,0.025247578
SAJ2021A07,9.750983,118.772367,Beach Surface Litter,Beach,Region IV-B (MIMAROPA),Palawan,City of Puerto Princesa,Yes,2020,FALSE,712.8263158,39,223.5043000,3/12/20,6/12/20,Southeast,6.799713375,6.549139153,6.549139153,49.09228349,86.23716045,32,Rizal,362.1102,17.102423,132.40868,147.89262,82,27.014254,0.79484504,0.76455957,0.65397131,128.9695173,"3,228,558",0.04,0.699,342643.478,0.106128952,0.423,No,0.193,0.596,0.906587,62743.979,0.183117389,8650.918,0.025247578
SAJ2021A08,9.660433,118.74025,Beach Surface Litter,Beach,Region IV-B (MIMAROPA),Palawan,City of Puerto Princesa,Yes,2020,FALSE,712.8263158,85,223.5043000,3/12/20,6/12/20,Southeast,0.172534451,0.055980512,0.055980512,57.43352045,96.00823767,39,Rizal,362.1102,17.102423,132.40868,147.89262,82,27.014254,0.79484504,0.76455957,0.65397131,128.9695173,"3,228,558",0.04,0.699,342643.478,0.106128952,0.423,No,0.193,0.596,0.906587,62743.979,0.183117389,8650.918,0.025247578
SAJ2021A09,9.606767,118.701583,Beach Surface Litter,Beach,Region IV-B (MIMAROPA),Palawan,City of Puerto Princesa,Yes,2020,FALSE,712.8263158,556,223.5043000,3/12/20,6/12/20,Southeast,3.976139992,0.477668721,0.477668721,50.61543105,97.75881381,2,Rizal,362.1102,17.102423,132.40868,147.89262,82,27.014254,0.79484504,0.76455957,0.65397131,128.9695173,"3,228,558",0.04,0.699,342643.478,0.106128952,0.423,No,0.193,0.596,0.906587,62743.979,0.183117389,8650.918,0.025247578
SAJ2021A10,9.57165,118.68055,Beach Surface Litter,Beach,Region IV-B (MIMAROPA),Palawan,City of Puerto Princesa,Yes,2020,FALSE,712.8263158,167,223.5043000,3/12/20,6/12/20,Southeast,3.874377771,0.44766378,0.44766378,46.1082123,93.92472455,2,Rizal,362.1102,17.102423,132.40868,147.89262,82,27.014254,0.79484504,0.76455957,0.65397131,128.9695173,"3,228,558",0.04,0.699,342643.478,0.106128952,0.423,No,0.193,0.596,0.906587,62743.979,0.183117389,8650.918,0.025247578
SAJ2021A11,9.544417,118.653483,Beach Surface Litter,Beach,Region IV-B (MIMAROPA),Palawan,City of Puerto Princesa,Yes,2020,FALSE,712.8263158,83,223.5043000,3/12/20,6/12/20,Southeast,1.323961418,0.462937202,0.462937202,41.942689,89.92924049,2,Rizal,362.1102,17.102423,132.40868,147.89262,82,27.014254,0.79484504,0.76455957,0.65397131,128.9695173,"3,228,558",0.04,0.699,342643.478,0.106128952,0.423,No,0.193,0.596,0.906587,62743.979,0.183117389,8650.918,0.025247578
SAJ2021A12,10.197717,118.9028,Beach Surface Litter,Beach,Region IV-B (MIMAROPA),Palawan,City of Puerto Princesa,Yes,2020,FALSE,712.8263158,6,223.5043000,3/12/20,6/12/20,Southeast,3.315602319,0.754538334,0.754538334,3.598752156,47.14624616,32,Rizal,362.1102,17.102423,132.40868,147.89262,82,27.014254,0.79484504,0.76455957,0.65397131,128.9695173,"3,228,558",0.04,0.699,342643.478,0.106128952,0.423,No,0.193,0.596,0.906587,62743.979,0.183117389,8650.918,0.025247578
SAJ2021A13,10.075633,118.818217,Beach Surface Litter,Beach,Region IV-B (MIMAROPA),Palawan,City of Puerto Princesa,Yes,2020,FALSE,712.8263158,279,223.5043000,3/12/20,6/12/20,Southeast,4.04273226,2.823080226,2.823080226,15.27698583,60.65590934,32,Rizal,362.1102,17.102423,132.40868,147.89262,82,27.014254,0.79484504,0.76455957,0.65397131,128.9695173,"3,228,558",0.04,0.699,342643.478,0.106128952,0.423,No,0.193,0.596,0.906587,62743.979,0.183117389,8650.918,0.025247578
SAJ2021A14,10.073283,118.816283,Beach Surface Litter,Beach,Region IV-B (MIMAROPA),Palawan,City of Puerto Princesa,Yes,2020,FALSE,712.8263158,165,223.5043000,3/12/20,6/12/20,Southeast,4.37809894,3.010850784,3.010850784,15.60944831,60.95997572,32,Rizal,362.1102,17.102423,132.40868,147.89262,82,27.014254,0.79484504,0.76455957,0.65397131,128.9695173,"3,228,558",0.04,0.699,342643.478,0.106128952,0.423,No,0.193,0.596,0.906587,62743.979,0.183117389,8650.918,0.025247578
SAJ2021A16,9.8741,118.607917,Beach Surface Litter,Beach,Region IV-B (MIMAROPA),Palawan,City of Puerto Princesa,Yes,2020,FALSE,712.8263158,25,223.5043000,3/12/20,6/12/20,Southeast,2.258050768,0.275521201,0.275521201,47.34757871,91.6666154,32,Rizal,362.1102,17.102423,132.40868,147.89262,82,27.014254,0.79484504,0.76455957,0.65397131,128.9695173,"3,228,558",0.04,0.699,342643.478,0.106128952,0.423,No,0.193,0.596,0.906587,62743.979,0.183117389,8650.918,0.025247578
SAJ2021A18,9.75915,118.509483,Beach Surface Litter,Beach,Region IV-B (MIMAROPA),Palawan,City of Puerto Princesa,Yes,2020,FALSE,712.8263158,11,223.5043000,3/12/20,6/12/20,Southeast,5.003687887,3.978023748,3.978023748,47.82766086,90.53545395,39,Rizal,362.1102,17.102423,132.40868,147.89262,82,27.014254,0.79484504,0.76455957,0.65397131,128.9695173,"3,228,558",0.04,0.699,342643.478,0.106128952,0.423,No,0.193,0.596,0.906587,62743.979,0.183117389,8650.918,0.025247578
SAJ2021A20,9.7267,118.453567,Beach Surface Litter,Beach,Region IV-B (MIMAROPA),Palawan,City of Puerto Princesa,Yes,2020,FALSE,712.8263158,77,223.5043000,3/12/20,6/12/20,Southeast,4.718823475,0.526081713,0.526081713,41.88926978,83.64420712,39,Rizal,362.1102,17.102423,132.40868,147.89262,82,27.014254,0.79484504,0.76455957,0.65397131,128.9695173,"3,228,558",0.04,0.699,342643.478,0.106128952,0.423,No,0.193,0.596,0.906587,62743.979,0.183117389,8650.918,0.025247578
ARA2023A01,7.300175,125.84796,Beach/Mangrove Surface Litter,Beach,Region XI (Davao Region),Davao de Oro,Mabini,No,2023,FALSE,642.5044248,146,22.5864000,6/8/23,6/25/23,Southeast,0.06097392,5.711150663,0.06097392,47.70721137,4.753448181,37,Tagum,3167.9197,15.33392,234.98787,1500.6199,666,94.165428,0.67445141,0.9509536,0.52578801,90.90409264,"5,243,536",0.1,0.501,1095713.673,0.208964652,0.4071,No,0.204,0.626,0.981487,195608.649,0.178521683,19776.5,0.018048967
ARA2023A02,7.293677,125.847291,Beach/Mangrove Surface Litter,Beach,Region XI (Davao Region),Davao de Oro,Mabini,No,2023,FALSE,642.5044248,129,22.5864000,6/8/23,6/25/23,Southeast,0.734213374,5.320640904,0.734213374,47.78654184,5.445507048,37,Tagum,3167.9197,15.33392,234.98787,1500.6199,666,94.165428,0.67445141,0.9509536,0.52578801,90.90409264,"5,243,536",0.1,0.501,1095713.673,0.208964652,0.4071,No,0.204,0.626,0.981487,195608.649,0.178521683,19776.5,0.018048967
ARA2023A03,7.270109,125.840647,Beach/Mangrove Surface Litter,Beach,Region XI (Davao Region),Davao de Oro,Mabini,No,2023,FALSE,642.5044248,38,22.5864000,6/8/23,6/25/23,Southeast,3.423341477,5.094131482,3.423341477,48.62883787,8.144322871,37,Tagum,3167.9197,15.33392,234.98787,1500.6199,666,94.165428,0.67445141,0.9509536,0.52578801,90.90409264,"5,243,536",0.1,0.501,1095713.673,0.208964652,0.4071,No,0.204,0.626,0.981487,195608.649,0.178521683,19776.5,0.018048967
ARA2023A04,7.243546,125.842797,Beach/Mangrove Surface Litter,Beach,Region XI (Davao Region),Davao de Oro,Mabini,No,2023,FALSE,642.5044248,53,22.5864000,6/8/23,6/25/23,Southeast,6.298927167,5.426262983,5.426262983,48.6823564,10.90062802,37,Tagum,3167.9197,15.33392,234.98787,1500.6199,666,94.165428,0.67445141,0.9509536,0.52578801,90.90409264,"5,243,536",0.1,0.501,1095713.673,0.208964652,0.4071,No,0.204,0.626,0.981487,195608.649,0.178521683,19776.5,0.018048967
CAP2023A01,9.839113333,123.374075,Beach/Mangrove Surface Litter,Mangrove,Region VII (Central Visayas),Cebu,Badian,No,2022,TRUE,689.0379216,15,14.3586000,2022-06-00,2022-06-00,Southeast,0.424354386,0.787229569,0.424354386,15.61187952,5.090567203,15,Ilog_Hilabangan,1985.6721,12.656084,213.84348,995.63977,410,66.677589,0.75409997,0.88318747,0.56613123,397.3380576,"8,081,988",0.37,0.668,1406272.534,0.174000819,0.4344,No,0.262,0.663,0.931476,100123.188,0.071197571,36863.732,0.026213789
CAP2023A04,9.839365,123.3728767,Beach/Mangrove Surface Litter,Mangrove,Region VII (Central Visayas),Cebu,Badian,No,2022,TRUE,689.0379216,98,14.3586000,2022-06-00,2022-06-00,Southeast,0.476941588,0.82899812,0.476941588,15.61764738,5.199431836,15,Ilog_Hilabangan,1985.6721,12.656084,213.84348,995.63977,410,66.677589,0.75409997,0.88318747,0.56613123,397.3380576,"8,081,988",0.37,0.668,1406272.534,0.174000819,0.4344,No,0.262,0.663,0.931476,100123.188,0.071197571,36863.732,0.026213789
CAP2023A05,9.839346667,123.3730017,Beach/Mangrove Surface Litter,Mangrove,Region VII (Central Visayas),Cebu,Badian,No,2022,TRUE,689.0379216,8,14.3586000,2022-06-00,2022-06-00,Southeast,0.470775194,0.824580024,0.470775194,15.61785621,5.187669562,15,Ilog_Hilabangan,1985.6721,12.656084,213.84348,995.63977,410,66.677589,0.75409997,0.88318747,0.56613123,397.3380576,"8,081,988",0.37,0.668,1406272.534,0.174000819,0.4344,No,0.262,0.663,0.931476,100123.188,0.071197571,36863.732,0.026213789
CAP2023A06,9.840071667,123.3732683,Beach/Mangrove Surface Litter,Mangrove,Region VII (Central Visayas),Cebu,Badian,No,2022,TRUE,689.0379216,18,14.3586000,2022-06-00,2022-06-00,Southeast,0.541161633,0.899679839,0.541161633,15.70172633,5.129174431,15,Ilog_Hilabangan,1985.6721,12.656084,213.84348,995.63977,410,66.677589,0.75409997,0.88318747,0.56613123,397.3380576,"8,081,988",0.37,0.668,1406272.534,0.174000819,0.4344,No,0.262,0.663,0.931476,100123.188,0.071197571,36863.732,0.026213789
CAP2023A07,10.11634667,123.4910933,Beach/Mangrove Surface Litter,Mangrove,Region VII (Central Visayas),Cebu,Barili,No,2022,TRUE,689.0379216,138,42.6819000,2022-06-00,2022-06-00,Southeast,1.806451916,0.571248845,0.571248845,24.78582984,13.98010513,20,Binalbagan,1064.0415,11.531924,335.58148,648.52136,262,56.502888,0.65142393,1.0312573,0.48484504,660.4615007,"8,081,988",0.37,0.668,1406272.534,0.174000819,0.4344,No,0.262,0.663,0.931476,100123.188,0.071197571,36863.732,0.026213789
CAP2023A08,10.11618833,123.4914417,Beach/Mangrove Surface Litter,Mangrove,Region VII (Central Visayas),Cebu,Barili,No,2022,TRUE,689.0379216,243,42.6819000,2022-06-00,2022-06-00,Southeast,1.783725474,0.554050739,0.554050739,24.75898965,13.96718757,20,Binalbagan,1064.0415,11.531924,335.58148,648.52136,262,56.502888,0.65142393,1.0312573,0.48484504,660.4615007,"8,081,988",0.37,0.668,1406272.534,0.174000819,0.4344,No,0.262,0.663,0.931476,100123.188,0.071197571,36863.732,0.026213789
CAP2023A09,10.11666,123.4922433,Beach/Mangrove Surface Litter,Mangrove,Region VII (Central Visayas),Cebu,Barili,No,2022,TRUE,689.0379216,755,42.6819000,2022-06-00,2022-06-00,Southeast,1.826325205,0.454813308,0.454813308,24.78678114,13.8694185,20,Binalbagan,1064.0415,11.531924,335.58148,648.52136,262,56.502888,0.65142393,1.0312573,0.48484504,660.4615007,"8,081,988",0.37,0.668,1406272.534,0.174000819,0.4344,No,0.262,0.663,0.931476,100123.188,0.071197571,36863.732,0.026213789
CAP2023A10,10.116815,123.490895,Beach/Mangrove Surface Litter,Mangrove,Region VII (Central Visayas),Cebu,Barili,No,2022,TRUE,689.0379216,83,42.6819000,2022-06-00,2022-06-00,Southeast,1.860988603,0.557903368,0.557903368,24.84150657,13.95680462,20,Binalbagan,1064.0415,11.531924,335.58148,648.52136,262,56.502888,0.65142393,1.0312573,0.48484504,660.4615007,"8,081,988",0.37,0.668,1406272.534,0.174000819,0.4344,No,0.262,0.663,0.931476,100123.188,0.071197571,36863.732,0.026213789
CAP2023A11,10.11677667,123.4909983,Beach/Mangrove Surface Litter,Mangrove,Region VII (Central Visayas),Cebu,Barili,No,2022,TRUE,689.0379216,183,42.6819000,2022-06-00,2022-06-00,Southeast,1.855042465,0.550926915,0.550926915,24.83446146,13.95221989,20,Binalbagan,1064.0415,11.531924,335.58148,648.52136,262,56.502888,0.65142393,1.0312573,0.48484504,660.4615007,"8,081,988",0.37,0.668,1406272.534,0.174000819,0.4344,No,0.262,0.663,0.931476,100123.188,0.071197571,36863.732,0.026213789
CAP2023A12,10.11676833,123.4917233,Beach/Mangrove Surface Litter,Mangrove,Region VII (Central Visayas),Cebu,Barili,No,2022,TRUE,689.0379216,17,42.6819000,2022-06-00,2022-06-00,Southeast,1.843682872,0.488329528,0.488329528,24.81298461,13.89904073,20,Binalbagan,1064.0415,11.531924,335.58148,648.52136,262,56.502888,0.65142393,1.0312573,0.48484504,660.4615007,"8,081,988",0.37,0.668,1406272.534,0.174000819,0.4344,No,0.262,0.663,0.931476,100123.188,0.071197571,36863.732,0.026213789
CAP2023A13,11.05933333,123.9928,Beach/Mangrove Surface Litter,Mangrove,Region VII (Central Visayas),Cebu,City of Bogo,No,2022,TRUE,689.0379216,284,67.4789000,2022-06-00,2022-06-00,Southeast,1.095793163,0.352294328,0.352294328,52.52140216,55.84549214,14,Pagsangahan,461.66559,9.9502707,216.39183,236.3696,134,31.513123,0.76935607,1.017436,0.49143139,858.452473,"8,081,988",0.37,0.668,1406272.534,0.174000819,0.4344,No,0.262,0.663,0.931476,100123.188,0.071197571,36863.732,0.026213789
CAP2023A14,11.0591,123.9928833,Beach/Mangrove Surface Litter,Mangrove,Region VII (Central Visayas),Cebu,City of Bogo,No,2022,TRUE,689.0379216,573,67.4789000,2022-06-00,2022-06-00,Southeast,1.0966194,0.35072209,0.35072209,52.49727325,55.83628211,14,Pagsangahan,461.66559,9.9502707,216.39183,236.3696,134,31.513123,0.76935607,1.017436,0.49143139,858.452473,"8,081,988",0.37,0.668,1406272.534,0.174000819,0.4344,No,0.262,0.663,0.931476,100123.188,0.071197571,36863.732,0.026213789
CAP2023A15,11.05895,123.99295,Beach/Mangrove Surface Litter,Mangrove,Region VII (Central Visayas),Cebu,City of Bogo,No,2022,TRUE,689.0379216,137,67.4789000,2022-06-00,2022-06-00,Southeast,1.098891419,0.352206471,0.352206471,52.48198181,55.82893081,14,Pagsangahan,461.66559,9.9502707,216.39183,236.3696,134,31.513123,0.76935607,1.017436,0.49143139,858.452473,"8,081,988",0.37,0.668,1406272.534,0.174000819,0.4344,No,0.262,0.663,0.931476,100123.188,0.071197571,36863.732,0.026213789
CAP2023A16,11.05903333,123.9934333,Beach/Mangrove Surface Litter,Mangrove,Region VII (Central Visayas),Cebu,City of Bogo,No,2022,TRUE,689.0379216,101,67.4789000,2022-06-00,2022-06-00,Southeast,1.152204663,0.405399511,0.405399511,52.49914976,55.77615764,14,Pagsangahan,461.66559,9.9502707,216.39183,236.3696,134,31.513123,0.76935607,1.017436,0.49143139,858.452473,"8,081,988",0.37,0.668,1406272.534,0.174000819,0.4344,No,0.262,0.663,0.931476,100123.188,0.071197571,36863.732,0.026213789
CAP2023A17,11.05886667,123.9935667,Beach/Mangrove Surface Litter,Mangrove,Region VII (Central Visayas),Cebu,City of Bogo,No,2022,TRUE,689.0379216,142,67.4789000,2022-06-00,2022-06-00,Southeast,1.161429646,0.414700184,0.414700184,52.48316597,55.76151395,14,Pagsangahan,461.66559,9.9502707,216.39183,236.3696,134,31.513123,0.76935607,1.017436,0.49143139,858.452473,"8,081,988",0.37,0.668,1406272.534,0.174000819,0.4344,No,0.262,0.663,0.931476,100123.188,0.071197571,36863.732,0.026213789
CAP2023A18,11.05866667,123.9938533,Beach/Mangrove Surface Litter,Mangrove,Region VII (Central Visayas),Cebu,City of Bogo,No,2022,TRUE,689.0379216,103,67.4789000,2022-06-00,2022-06-00,Southeast,1.186476276,0.440919608,0.440919608,52.46611985,55.73012525,14,Pagsangahan,461.66559,9.9502707,216.39183,236.3696,134,31.513123,0.76935607,1.017436,0.49143139,858.452473,"8,081,988",0.37,0.668,1406272.534,0.174000819,0.4344,No,0.262,0.663,0.931476,100123.188,0.071197571,36863.732,0.026213789
CAP2023A19,10.08334167,123.661805,Beach/Mangrove Surface Litter,Mangrove,Region VII (Central Visayas),Cebu,City of Carcar,No,2022,TRUE,689.0379216,215,103.7690000,2022-06-00,2022-06-00,Southeast,5.171303054,1.489669743,1.489669743,23.6961944,16.71948561,20,Abatan,364.23761,11.272237,80.664192,203.77185,87,34.030788,0.63281304,0.89199162,0.56054336,1168.462065,"8,081,988",0.37,0.668,1406272.534,0.174000819,0.4344,No,0.262,0.663,0.931476,100123.188,0.071197571,36863.732,0.026213789
CAP2023A20,10.083165,123.6614917,Beach/Mangrove Surface Litter,Mangrove,Region VII (Central Visayas),Cebu,City of Carcar,No,2022,TRUE,689.0379216,162,103.7690000,2022-06-00,2022-06-00,Southeast,5.18144032,1.47325952,1.47325952,23.66171038,16.71684887,20,Abatan,364.23761,11.272237,80.664192,203.77185,87,34.030788,0.63281304,0.89199162,0.56054336,1168.462065,"8,081,988",0.37,0.668,1406272.534,0.174000819,0.4344,No,0.262,0.663,0.931476,100123.188,0.071197571,36863.732,0.026213789
CAP2023A21,10.08332333,123.66112,Beach/Mangrove Surface Litter,Mangrove,Region VII (Central Visayas),Cebu,City of Carcar,No,2022,TRUE,689.0379216,145,103.7690000,2022-06-00,2022-06-00,Southeast,5.15436447,1.43013044,1.43013044,23.65568974,16.67981831,20,Abatan,364.23761,11.272237,80.664192,203.77185,87,34.030788,0.63281304,0.89199162,0.56054336,1168.462065,"8,081,988",0.37,0.668,1406272.534,0.174000819,0.4344,No,0.262,0.663,0.931476,100123.188,0.071197571,36863.732,0.026213789
CAP2023A22,10.08262333,123.6616983,Beach/Mangrove Surface Litter,Mangrove,Region VII (Central Visayas),Cebu,City of Carcar,No,2022,TRUE,689.0379216,61,103.7690000,2022-06-00,2022-06-00,Southeast,5.245127318,1.527504545,1.527504545,23.62217342,16.77933923,20,Abatan,364.23761,11.272237,80.664192,203.77185,87,34.030788,0.63281304,0.89199162,0.56054336,1168.462065,"8,081,988",0.37,0.668,1406272.534,0.174000819,0.4344,No,0.262,0.663,0.931476,100123.188,0.071197571,36863.732,0.026213789
CAP2023A23,10.08250833,123.6611217,Beach/Mangrove Surface Litter,Mangrove,Region VII (Central Visayas),Cebu,City of Carcar,No,2022,TRUE,689.0379216,19,103.7690000,2022-06-00,2022-06-00,Southeast,5.241857116,1.486177022,1.486177022,23.57856927,16.75532376,20,Abatan,364.23761,11.272237,80.664192,203.77185,87,34.030788,0.63281304,0.89199162,0.56054336,1168.462065,"8,081,988",0.37,0.668,1406272.534,0.174000819,0.4344,No,0.262,0.663,0.931476,100123.188,0.071197571,36863.732,0.026213789
CAP2023A24,10.08271833,123.6614467,Beach/Mangrove Surface Litter,Mangrove,Region VII (Central Visayas),Cebu,City of Carcar,No,2022,TRUE,689.0379216,76,103.7690000,2022-06-00,2022-06-00,Southeast,5.228046253,1.499300385,1.499300385,23.61687379,16.75540888,20,Abatan,364.23761,11.272237,80.664192,203.77185,87,34.030788,0.63281304,0.89199162,0.56054336,1168.462065,"8,081,988",0.37,0.668,1406272.534,0.174000819,0.4344,No,0.262,0.663,0.931476,100123.188,0.071197571,36863.732,0.026213789
CAP2023A25,10.58101667,124.0331,Beach/Mangrove Surface Litter,Mangrove,Region VII (Central Visayas),Cebu,Carmen,No,2022,TRUE,689.0379216,94,18.7414000,2022-06-00,2022-06-00,Southeast,2.884433912,1.321082675,1.321082675,12.41719174,20.46017824,14,Inabanga,609.58582,9.4529533,133.63724,284.05362,125,50.498951,0.55168366,0.85438907,0.58521348,205.4332846,"8,081,988",0.37,0.668,1406272.534,0.174000819,0.4344,No,0.262,0.663,0.931476,100123.188,0.071197571,36863.732,0.026213789
CAP2023A26,10.58093333,124.0329,Beach/Mangrove Surface Litter,Mangrove,Region VII (Central Visayas),Cebu,Carmen,No,2022,TRUE,689.0379216,223,18.7414000,2022-06-00,2022-06-00,Southeast,2.873954499,1.297999926,1.297999926,12.39611862,20.44099411,14,Inabanga,609.58582,9.4529533,133.63724,284.05362,125,50.498951,0.55168366,0.85438907,0.58521348,205.4332846,"8,081,988",0.37,0.668,1406272.534,0.174000819,0.4344,No,0.262,0.663,0.931476,100123.188,0.071197571,36863.732,0.026213789
CAP2023A27,10.58076667,124.0326833,Beach/Mangrove Surface Litter,Mangrove,Region VII (Central Visayas),Cebu,Carmen,No,2022,TRUE,689.0379216,78,18.7414000,2022-06-00,2022-06-00,Southeast,2.868399724,1.2679701,1.2679701,12.37399264,20.41297759,14,Inabanga,609.58582,9.4529533,133.63724,284.05362,125,50.498951,0.55168366,0.85438907,0.58521348,205.4332846,"8,081,988",0.37,0.668,1406272.534,0.174000819,0.4344,No,0.262,0.663,0.931476,100123.188,0.071197571,36863.732,0.026213789
CAP2023A28,10.581,124.0333,Beach/Mangrove Surface Litter,Mangrove,Region VII (Central Visayas),Cebu,Carmen,No,2022,TRUE,689.0379216,42,18.7414000,2022-06-00,2022-06-00,Southeast,2.902244034,1.337701757,1.337701757,12.43915691,20.46990021,14,Inabanga,609.58582,9.4529533,133.63724,284.05362,125,50.498951,0.55168366,0.85438907,0.58521348,205.4332846,"8,081,988",0.37,0.668,1406272.534,0.174000819,0.4344,No,0.262,0.663,0.931476,100123.188,0.071197571,36863.732,0.026213789
CAP2023A29,10.58088333,124.03325,Beach/Mangrove Surface Litter,Mangrove,Region VII (Central Visayas),Cebu,Carmen,No,2022,TRUE,689.0379216,126,18.7414000,2022-06-00,2022-06-00,Southeast,2.90649768,1.325746152,1.325746152,12.43474483,20.45602413,14,Inabanga,609.58582,9.4529533,133.63724,284.05362,125,50.498951,0.55168366,0.85438907,0.58521348,205.4332846,"8,081,988",0.37,0.668,1406272.534,0.174000819,0.4344,No,0.262,0.663,0.931476,100123.188,0.071197571,36863.732,0.026213789
CAP2023A30,10.58061667,124.0329833,Beach/Mangrove Surface Litter,Mangrove,Region VII (Central Visayas),Cebu,Carmen,No,2022,TRUE,689.0379216,16,18.7414000,2022-06-00,2022-06-00,Southeast,2.903952961,1.284888772,1.284888772,12.40809198,20.41569079,14,Inabanga,609.58582,9.4529533,133.63724,284.05362,125,50.498951,0.55168366,0.85438907,0.58521348,205.4332846,"8,081,988",0.37,0.668,1406272.534,0.174000819,0.4344,No,0.262,0.663,0.931476,100123.188,0.071197571,36863.732,0.026213789
CAP2023A31,11.11223833,124.0046133,Beach/Mangrove Surface Litter,Mangrove,Region VII (Central Visayas),Cebu,Medellin,No,2022,TRUE,689.0379216,56,31.2350000,2022-06-00,2022-06-00,Southeast,1.73667884,2.603463296,1.73667884,58.50286284,54.89427888,14,Pagsangahan,461.66559,9.9502707,216.39183,236.3696,134,31.513123,0.76935607,1.017436,0.49143139,814.3872114,"8,081,988",0.37,0.668,1406272.534,0.174000819,0.4344,No,0.262,0.663,0.931476,100123.188,0.071197571,36863.732,0.026213789
CAP2023A32,11.11204,124.0043017,Beach/Mangrove Surface Litter,Mangrove,Region VII (Central Visayas),Cebu,Medellin,No,2022,TRUE,689.0379216,16,31.2350000,2022-06-00,2022-06-00,Southeast,1.715389703,2.613706367,1.715389703,58.47582076,54.92567663,14,Pagsangahan,461.66559,9.9502707,216.39183,236.3696,134,31.513123,0.76935607,1.017436,0.49143139,814.3872114,"8,081,988",0.37,0.668,1406272.534,0.174000819,0.4344,No,0.262,0.663,0.931476,100123.188,0.071197571,36863.732,0.026213789
CAP2023A33,11.11160833,124.004465,Beach/Mangrove Surface Litter,Mangrove,Region VII (Central Visayas),Cebu,Medellin,No,2022,TRUE,689.0379216,68,31.2350000,2022-06-00,2022-06-00,Southeast,1.752742704,2.664621294,1.752742704,58.43148941,54.90268014,14,Pagsangahan,461.66559,9.9502707,216.39183,236.3696,134,31.513123,0.76935607,1.017436,0.49143139,814.3872114,"8,081,988",0.37,0.668,1406272.534,0.174000819,0.4344,No,0.262,0.663,0.931476,100123.188,0.071197571,36863.732,0.026213789
CAP2023A34,11.11063833,124.0055283,Beach/Mangrove Surface Litter,Mangrove,Region VII (Central Visayas),Cebu,Medellin,No,2022,TRUE,689.0379216,2,31.2350000,2022-06-00,2022-06-00,Southeast,1.90557782,2.803336445,1.90557782,58.34406858,54.77551421,14,Pagsangahan,461.66559,9.9502707,216.39183,236.3696,134,31.513123,0.76935607,1.017436,0.49143139,814.3872114,"8,081,988",0.37,0.668,1406272.534,0.174000819,0.4344,No,0.262,0.663,0.931476,100123.188,0.071197571,36863.732,0.026213789
CAP2023A35,11.11061167,124.0052783,Beach/Mangrove Surface Litter,Mangrove,Region VII (Central Visayas),Cebu,Medellin,No,2022,TRUE,689.0379216,92,31.2350000,2022-06-00,2022-06-00,Southeast,1.88304168,2.79719073,1.88304168,58.33678225,54.80234699,14,Pagsangahan,461.66559,9.9502707,216.39183,236.3696,134,31.513123,0.76935607,1.017436,0.49143139,814.3872114,"8,081,988",0.37,0.668,1406272.534,0.174000819,0.4344,No,0.262,0.663,0.931476,100123.188,0.071197571,36863.732,0.026213789
CAP2023A36,11.11033333,124.0051117,Beach/Mangrove Surface Litter,Mangrove,Region VII (Central Visayas),Cebu,Medellin,No,2022,TRUE,689.0379216,29,31.2350000,2022-06-00,2022-06-00,Southeast,1.882359907,2.820594442,1.882359907,58.30347985,54.81712383,14,Pagsangahan,461.66559,9.9502707,216.39183,236.3696,134,31.513123,0.76935607,1.017436,0.49143139,814.3872114,"8,081,988",0.37,0.668,1406272.534,0.174000819,0.4344,No,0.262,0.663,0.931476,100123.188,0.071197571,36863.732,0.026213789
CAP2023A37,10.96695,123.9232167,Beach/Mangrove Surface Litter,Mangrove,Region VII (Central Visayas),Cebu,San Remigio,No,2022,TRUE,689.0379216,82,21.4501000,2022-06-00,2022-06-00,Southeast,3.578363292,0.780891502,0.780891502,41.69710103,48.91478038,14,Pagsangahan,461.66559,9.9502707,216.39183,236.3696,134,31.513123,0.76935607,1.017436,0.49143139,83.65275935,"8,081,988",0.37,0.668,1406272.534,0.174000819,0.4344,No,0.262,0.663,0.931476,100123.188,0.071197571,36863.732,0.026213789
CAP2023A38,10.96711667,123.9233333,Beach/Mangrove Surface Litter,Mangrove,Region VII (Central Visayas),Cebu,San Remigio,No,2022,TRUE,689.0379216,63,21.4501000,2022-06-00,2022-06-00,Southeast,3.556342037,0.758528048,0.758528048,41.71564598,48.93660433,14,Pagsangahan,461.66559,9.9502707,216.39183,236.3696,134,31.513123,0.76935607,1.017436,0.49143139,83.65275935,"8,081,988",0.37,0.668,1406272.534,0.174000819,0.4344,No,0.262,0.663,0.931476,100123.188,0.071197571,36863.732,0.026213789
CAP2023A39,10.96728333,123.92345,Beach/Mangrove Surface Litter,Mangrove,Region VII (Central Visayas),Cebu,San Remigio,No,2022,TRUE,689.0379216,16,21.4501000,2022-06-00,2022-06-00,Southeast,3.534318688,0.736161612,0.736161612,41.73419373,48.95843178,14,Pagsangahan,461.66559,9.9502707,216.39183,236.3696,134,31.513123,0.76935607,1.017436,0.49143139,83.65275935,"8,081,988",0.37,0.668,1406272.534,0.174000819,0.4344,No,0.262,0.663,0.931476,100123.188,0.071197571,36863.732,0.026213789
CAP2023A40,10.96745,123.9227667,Beach/Mangrove Surface Litter,Mangrove,Region VII (Central Visayas),Cebu,San Remigio,No,2022,TRUE,689.0379216,2,21.4501000,2022-06-00,2022-06-00,Southeast,3.57523591,0.771526527,0.771526527,41.75202062,48.94826297,14,Pagsangahan,461.66559,9.9502707,216.39183,236.3696,134,31.513123,0.76935607,1.017436,0.49143139,83.65275935,"8,081,988",0.37,0.668,1406272.534,0.174000819,0.4344,No,0.262,0.663,0.931476,100123.188,0.071197571,36863.732,0.026213789
CAP2023A41,10.96753333,123.92305,Beach/Mangrove Surface Litter,Mangrove,Region VII (Central Visayas),Cebu,San Remigio,No,2022,TRUE,689.0379216,1,21.4501000,2022-06-00,2022-06-00,Southeast,3.546454116,0.743612404,0.743612404,41.76147387,48.9681578,14,Pagsangahan,461.66559,9.9502707,216.39183,236.3696,134,31.513123,0.76935607,1.017436,0.49143139,83.65275935,"8,081,988",0.37,0.668,1406272.534,0.174000819,0.4344,No,0.262,0.663,0.931476,100123.188,0.071197571,36863.732,0.026213789
CAP2023A42,10.96775,123.9232667,Beach/Mangrove Surface Litter,Mangrove,Region VII (Central Visayas),Cebu,San Remigio,No,2022,TRUE,689.0379216,18,21.4501000,2022-06-00,2022-06-00,Southeast,3.512772158,0.70994019,0.70994019,41.78563586,48.99912732,14,Pagsangahan,461.66559,9.9502707,216.39183,236.3696,134,31.513123,0.76935607,1.017436,0.49143139,83.65275935,"8,081,988",0.37,0.668,1406272.534,0.174000819,0.4344,No,0.262,0.663,0.931476,100123.188,0.071197571,36863.732,0.026213789
JAR2023A01,7.23901,125.64952,Beach/Mangrove Surface Litter,Beach,Region XI (Davao Region),Davao del Sur,City of Davao,Yes,2022,TRUE,688.3243115,15,1311.9874000,1/4/22,1/4/22,Northeast,1.098242499,1.075989065,1.075989065,50.776178,9.666138915,67,Lasang,434.0798,19.177221,296.3642,164.62164,77,67.502357,0.34827387,0.81647706,0.61238706,727.1819153,"5,243,536",0.08,0.728,1095713.673,0.208964652,0.4071,No,0.211,0.626,0.981487,195608.649,0.178521683,19776.5,0.018048967
JAR2023A02,7.18194,125.65345,Beach/Mangrove Surface Litter,Beach,Region XI (Davao Region),Davao del Sur,City of Davao,Yes,2022,TRUE,688.3243115,174,1311.9874000,1/4/22,1/4/22,Northeast,0.470495367,0.41000496,0.41000496,47.88835012,11.46058697,67,Davao,1739.8477,20.645992,359.30182,762.13422,361,99.192032,0.47449744,0.795389,0.62862319,727.1819153,"5,243,536",0.08,0.728,1095713.673,0.208964652,0.4071,No,0.211,0.626,0.981487,195608.649,0.178521683,19776.5,0.018048967
JAR2023A03,7.03008,125.57382,Beach/Mangrove Surface Litter,Beach,Region XI (Davao Region),Davao del Sur,City of Davao,Yes,2022,TRUE,688.3243115,17,1311.9874000,1/4/22,1/4/22,Northeast,5.77415999,1.990523201,1.990523201,34.02408843,13.4213709,67,Davao,1739.8477,20.645992,359.30182,762.13422,361,99.192032,0.47449744,0.795389,0.62862319,727.1819153,"5,243,536",0.08,0.728,1095713.673,0.208964652,0.4071,No,0.211,0.626,0.981487,195608.649,0.178521683,19776.5,0.018048967
JAR2023A04,7.03832,125.53524,Beach/Mangrove Surface Litter,Beach,Region XI (Davao Region),Davao del Sur,City of Davao,Yes,2022,TRUE,688.3243115,27,1311.9874000,1/4/22,1/4/22,Northeast,6.38082944,2.574274296,2.574274296,30.00847986,12.53098955,67,Davao,1739.8477,20.645992,359.30182,762.13422,361,99.192032,0.47449744,0.795389,0.62862319,727.1819153,"5,243,536",0.08,0.728,1095713.673,0.208964652,0.4071,No,0.211,0.626,0.981487,195608.649,0.178521683,19776.5,0.018048967
JAR2023A05,7.01067,125.51017,Beach/Mangrove Surface Litter,Beach,Region XI (Davao Region),Davao del Sur,City of Davao,Yes,2022,TRUE,688.3243115,51,1311.9874000,1/4/22,1/4/22,Northeast,2.259734942,2.703338123,2.259734942,26.7537778,16.17055463,67,Davao,1739.8477,20.645992,359.30182,762.13422,361,99.192032,0.47449744,0.795389,0.62862319,727.1819153,"5,243,536",0.08,0.728,1095713.673,0.208964652,0.4071,No,0.211,0.626,0.981487,195608.649,0.178521683,19776.5,0.018048967
JAR2023A06,7.25122,125.66442,Beach/Mangrove Surface Litter,Mangrove,Region XI (Davao Region),Davao del Sur,City of Davao,Yes,2022,TRUE,688.3243115,9,1311.9874000,1/15/22,1/15/22,Northeast,1.632394991,2.652485893,1.632394991,51.50928337,10.23516648,16,Lasang,434.0798,19.177221,296.3642,164.62164,77,67.502357,0.34827387,0.81647706,0.61238706,727.1819153,"5,243,536",0.08,0.728,1095713.673,0.208964652,0.4071,No,0.211,0.626,0.981487,195608.649,0.178521683,19776.5,0.018048967
JAR2023A07,7.03876,125.57845,Beach/Mangrove Surface Litter,Mangrove,Region XI (Davao Region),Davao del Sur,City of Davao,Yes,2022,TRUE,688.3243115,41,1311.9874000,1/15/22,1/15/22,Northeast,4.81051941,1.644982905,1.644982905,34.69555394,12.57066267,67,Davao,1739.8477,20.645992,359.30182,762.13422,361,99.192032,0.47449744,0.795389,0.62862319,727.1819153,"5,243,536",0.08,0.728,1095713.673,0.208964652,0.4071,No,0.211,0.626,0.981487,195608.649,0.178521683,19776.5,0.018048967
JAR2023A08,7.03834,125.53518,Beach/Mangrove Surface Litter,Mangrove,Region XI (Davao Region),Davao del Sur,City of Davao,Yes,2022,TRUE,688.3243115,9,1311.9874000,1/15/22,1/15/22,Northeast,6.378206183,2.579324532,2.579324532,30.00248019,12.52995353,67,Davao,1739.8477,20.645992,359.30182,762.13422,361,99.192032,0.47449744,0.795389,0.62862319,727.1819153,"5,243,536",0.08,0.728,1095713.673,0.208964652,0.4071,No,0.211,0.626,0.981487,195608.649,0.178521683,19776.5,0.018048967